{"pod": 3, "cpu": "1", "values": [{"qps": 5000, "avg_cpu": 1.7378979999266586, "req_lost": 13.179683599814428, "avg_mem": 3927638.1219310346, "cpu_values": [[1563614467.955, "0"], [1563614468.955, "0"], [1563614469.955, "0"], [1563614470.955, "0"], [1563614471.955, "0"], [1563614472.955, "0"], [1563614473.955, "0"], [1563614474.955, "0"], [1563614475.955, "0"], [1563614476.955, "0"], [1563614477.955, "1.0932459589027"], [1563614478.955, "1.3036755989226998"], [1563614479.955, "1.5141052389426997"], [1563614480.955, "1.7245348789626997"], [1563614481.955, "1.9349645189826998"], [1563614482.955, "2.8128634766897"], [1563614483.955, "3.3570914329097"], [1563614484.955, "3.9013193891297"], [1563614485.955, "4.4455473453497"], [1563614486.955, "4.989775301569701"], [1563614487.955, "0"], [1563614488.955, "0"], [1563614489.955, "0"], [1563614490.955, "0"], [1563614491.955, "0"], [1563614492.955, "0"], [1563614493.955, "0"], [1563614494.955, "0"], [1563614495.955, "0"], [1563614496.955, "0"], [1563614497.955, "6.6951923224621"], [1563614498.955, "7.0531356429221"], [1563614499.955, "7.371748619"], [1563614500.955, "7.371748619"], [1563614501.955, "7.371748619"], [1563614502.955, "0"], [1563614503.955, "0"], [1563614504.955, "0"], [1563614505.955, "0"], [1563614506.955, "0"], [1563614507.955, "2.1719860644"], [1563614508.955, "2.1719860644"], [1563614509.955, "2.1719860644"], [1563614510.955, "2.1719860644"], [1563614511.955, "2.1719860644"], [1563614512.955, "0"], [1563614513.955, "0"], [1563614514.955, "0"], [1563614515.955, "0"], [1563614516.955, "0"], [1563614517.955, "5.399491342199999"], [1563614518.955, "5.399491342199999"], [1563614519.955, "5.399491342199999"], [1563614520.955, "5.399491342199999"], [1563614521.955, "5.399491342199999"], [1563614522.955, "0"], [1563614523.955, "0"], [1563614524.955, "0"]], "mem_values": [[1563614467.955, "0"], [1563614468.955, "0"], [1563614469.955, "0"], [1563614470.955, "0"], [1563614471.955, "0"], [1563614472.955, "0"], [1563614473.955, "0"], [1563614474.955, "0"], [1563614475.955, "0"], [1563614476.955, "0"], [1563614477.955, "5451169.791999999"], [1563614478.955, "6332628.992"], [1563614479.955, "7214088.192"], [1563614480.955, "8095547.392"], [1563614481.955, "8814592"], [1563614482.955, "9866433.7408"], [1563614483.955, "11504751.820799999"], [1563614484.955, "13143069.9008"], [1563614485.955, "14781387.980800001"], [1563614486.955, "16245933.2608"], [1563614487.955, "0"], [1563614488.955, "0"], [1563614489.955, "0"], [1563614490.955, "0"], [1563614491.955, "0"], [1563614492.955, "0"], [1563614493.955, "0"], [1563614494.955, "0"], [1563614495.955, "0"], [1563614496.955, "0"], [1563614497.955, "10897817.600000001"], [1563614498.955, "10897817.600000001"], [1563614499.955, "10897817.600000001"], [1563614500.955, "10897817.600000001"], [1563614501.955, "10897817.600000001"], [1563614502.955, "0"], [1563614503.955, "0"], [1563614504.955, "0"], [1563614505.955, "0"], [1563614506.955, "0"], [1563614507.955, "10670899.2"], [1563614508.955, "10670899.2"], [1563614509.955, "10670899.2"], [1563614510.955, "10670899.2"], [1563614511.955, "10670899.2"], [1563614512.955, "0"], [1563614513.955, "0"], [1563614514.955, "0"], [1563614515.955, "0"], [1563614516.955, "0"], [1563614517.955, "3701964.8"], [1563614518.955, "3701964.8"], [1563614519.955, "3701964.8"], [1563614520.955, "3701964.8"], [1563614521.955, "3701964.8"], [1563614522.955, "0"], [1563614523.955, "0"], [1563614524.955, "0"]]}]}