{"pod": 7, "cpu": "1", "values": [{"qps": 1, "avg_cpu": 0.09844776257536904, "req_lost": 0.012923054730717976, "avg_mem": 3820762.0441383934, "cpu_values": [[1563644883.611, "0"], [1563644884.611, "0"], [1563644885.611, "0"], [1563644886.611, "0"], [1563644887.611, "0"], [1563644888.611, "0.21623376943274003"], [1563644889.611, "0.23204211157274002"], [1563644890.611, "0.24785045371274006"], [1563644891.611, "0.26365879585274005"], [1563644892.611, "0.2750632296"], [1563644893.611, "0.58694627588222"], [1563644894.611, "0.67552442630222"], [1563644895.611, "0.75905408454332"], [1563644896.611, "0.83360959706332"], [1563644897.611, "0.8857815042000001"], [1563644898.611, "0"], [1563644899.611, "0"], [1563644900.611, "0"], [1563644901.611, "0"], [1563644902.611, "0"], [1563644903.611, "0.0027200851999999555"], [1563644904.611, "0.0027200851999999555"], [1563644905.611, "0.0027200851999999555"], [1563644906.611, "0.0027200851999999555"], [1563644907.611, "0.0027200851999999555"], [1563644908.611, "0.015704003600000037"], [1563644909.611, "0.015704003600000037"], [1563644910.611, "0.015704003600000037"], [1563644911.611, "0.015704003600000037"], [1563644912.611, "0.015704003600000037"], [1563644913.611, "0.003937890600000005"], [1563644914.611, "0.003937890600000005"], [1563644915.611, "0.003937890600000005"], [1563644916.611, "0.003937890600000005"], [1563644917.611, "0.003937890600000005"], [1563644918.611, "0.002692679600000014"], [1563644919.611, "0.002692679600000014"], [1563644920.611, "0.002692679600000014"], [1563644921.611, "0.002692679600000014"], [1563644922.611, "0.002692679600000014"], [1563644923.611, "0.0032822649999999726"], [1563644924.611, "0.0032822649999999726"], [1563644925.611, "0.0032822649999999726"], [1563644926.611, "0.0032822649999999726"], [1563644927.611, "0.0032822649999999726"], [1563644928.611, "0"], [1563644929.611, "0"], [1563644930.611, "0"], [1563644931.611, "0"], [1563644932.611, "0"], [1563644933.611, "0.0009173928785757115"], [1563644934.611, "0.0009173928785757115"]], "mem_values": [[1563644883.611, "0"], [1563644884.611, "0"], [1563644885.611, "0"], [1563644886.611, "0"], [1563644887.611, "0"], [1563644888.611, "5481722.347519999"], [1563644889.611, "6048281.06752"], [1563644890.611, "6614839.787520001"], [1563644891.611, "7181398.5075199995"], [1563644892.611, "7238451.2"], [1563644893.611, "19424469.64736"], [1563644894.611, "21583562.997759998"], [1563644895.611, "23705946.35776"], [1563644896.611, "25057689.6"], [1563644897.611, "25057689.6"], [1563644898.611, "0"], [1563644899.611, "0"], [1563644900.611, "0"], [1563644901.611, "0"], [1563644902.611, "0"], [1563644903.611, "131891.2"], [1563644904.611, "131891.2"], [1563644905.611, "131891.2"], [1563644906.611, "131891.2"], [1563644907.611, "131891.2"], [1563644908.611, "174489.6"], [1563644909.611, "174489.6"], [1563644910.611, "174489.6"], [1563644911.611, "174489.6"], [1563644912.611, "174489.6"], [1563644913.611, "7077068.800000001"], [1563644914.611, "7077068.800000001"], [1563644915.611, "7077068.800000001"], [1563644916.611, "7077068.800000001"], [1563644917.611, "7077068.800000001"], [1563644918.611, "26214.4"], [1563644919.611, "26214.4"], [1563644920.611, "26214.4"], [1563644921.611, "26214.4"], [1563644922.611, "26214.4"], [1563644923.611, "11468.8"], [1563644924.611, "11468.8"], [1563644925.611, "11468.8"], [1563644926.611, "11468.8"], [1563644927.611, "11468.8"], [1563644928.611, "0"], [1563644929.611, "0"], [1563644930.611, "0"], [1563644931.611, "0"], [1563644932.611, "0"], [1563644933.611, "7089955.591118224"], [1563644934.611, "7089955.591118224"]]}, {"qps": 100, "avg_cpu": 0.13890277901439899, "req_lost": 0.005744471658164496, "avg_mem": 979246.2039237175, "cpu_values": [[1563644994.841, "0"], [1563644995.841, "0"], [1563644996.841, "0"], [1563644997.841, "0.023505445778311318"], [1563644998.841, "0.023505445778311318"], [1563644999.841, "0.023505445778311318"], [1563645000.841, "0.023505445778311318"], [1563645001.841, "0.023505445778311318"], [1563645002.841, "0"], [1563645003.841, "0"], [1563645004.841, "0"], [1563645005.841, "0"], [1563645006.841, "0"], [1563645007.841, "0.08468371239735631"], [1563645008.841, "0.08468371239735631"], [1563645009.841, "0.08468371239735631"], [1563645010.841, "0.08468371239735631"], [1563645011.841, "0.08468371239735631"], [1563645012.841, "0.1477567884"], [1563645013.841, "0.1477567884"], [1563645014.841, "0.1477567884"], [1563645015.841, "0.1477567884"], [1563645016.841, "0.1477567884"], [1563645017.841, "0.377326696"], [1563645018.841, "0.377326696"], [1563645019.841, "0.377326696"], [1563645020.841, "0.377326696"], [1563645021.841, "0.377326696"], [1563645022.841, "0"], [1563645023.841, "0"], [1563645024.841, "0"], [1563645025.841, "0"], [1563645026.841, "0"], [1563645027.841, "0.38907933540000006"], [1563645028.841, "0.38907933540000006"], [1563645029.841, "0.38907933540000006"], [1563645030.841, "0.38907933540000006"], [1563645031.841, "0.38907933540000006"], [1563645032.841, "0.15540537039999996"], [1563645033.841, "0.15540537039999996"], [1563645034.841, "0.15540537039999996"], [1563645035.841, "0.15540537039999996"], [1563645036.841, "0.15540537039999996"], [1563645037.841, "0.04433170680000002"], [1563645038.841, "0.04433170680000002"], [1563645039.841, "0.04433170680000002"], [1563645040.841, "0.04433170680000002"], [1563645041.841, "0.04433170680000002"], [1563645042.841, "0.1493835268"], [1563645043.841, "0.1493835268"], [1563645044.841, "0.1493835268"], [1563645045.841, "0.1493835268"], [1563645046.841, "0.1493835268"], [1563645047.841, "0.137752989"], [1563645048.841, "0.137752989"], [1563645049.841, "0.137752989"], [1563645050.841, "0.137752989"], [1563645051.841, "0.137752989"], [1563645052.841, "0.30898055499999993"], [1563645053.841, "0.30898055499999993"], [1563645054.841, "0.30898055499999993"]], "mem_values": [[1563644994.841, "0"], [1563644995.841, "0"], [1563644996.841, "0"], [1563644997.841, "461394.1576630652"], [1563644998.841, "461394.1576630652"], [1563644999.841, "461394.1576630652"], [1563645000.841, "461394.1576630652"], [1563645001.841, "461394.1576630652"], [1563645002.841, "0"], [1563645003.841, "0"], [1563645004.841, "0"], [1563645005.841, "0"], [1563645006.841, "0"], [1563645007.841, "629207.2902062888"], [1563645008.841, "629207.2902062888"], [1563645009.841, "629207.2902062888"], [1563645010.841, "629207.2902062888"], [1563645011.841, "629207.2902062888"], [1563645012.841, "525107.2"], [1563645013.841, "525107.2"], [1563645014.841, "525107.2"], [1563645015.841, "525107.2"], [1563645016.841, "525107.2"], [1563645017.841, "2174976"], [1563645018.841, "2174976"], [1563645019.841, "2174976"], [1563645020.841, "2174976"], [1563645021.841, "2174976"], [1563645022.841, "0"], [1563645023.841, "0"], [1563645024.841, "0"], [1563645025.841, "0"], [1563645026.841, "0"], [1563645027.841, "7726694.4"], [1563645028.841, "7726694.4"], [1563645029.841, "7726694.4"], [1563645030.841, "7726694.4"], [1563645031.841, "7726694.4"], [1563645032.841, "44236.8"], [1563645033.841, "44236.8"], [1563645034.841, "44236.8"], [1563645035.841, "44236.8"], [1563645036.841, "44236.8"], [1563645037.841, "20480"], [1563645038.841, "20480"], [1563645039.841, "20480"], [1563645040.841, "20480"], [1563645041.841, "20480"], [1563645042.841, "71270.40000000001"], [1563645043.841, "71270.40000000001"], [1563645044.841, "71270.40000000001"], [1563645045.841, "71270.40000000001"], [1563645046.841, "71270.40000000001"], [1563645047.841, "98304"], [1563645048.841, "98304"], [1563645049.841, "98304"], [1563645050.841, "98304"], [1563645051.841, "98304"], [1563645052.841, "325222.4"], [1563645053.841, "325222.4"], [1563645054.841, "325222.4"]]}, {"qps": 200, "avg_cpu": 0.2284671652206279, "req_lost": 0.006323673419583731, "avg_mem": 1456798.2585552153,