{"pod": 2, "cpu": "1", "values": [{"qps": 1, "avg_cpu": 0.026733023275146674, "req_lost": 0.015630772478991695, "avg_mem": 829846.9360829629, "cpu_values": [[1563620778.406, "0"], [1563620779.406, "0"], [1563620780.406, "0"], [1563620781.406, "0"], [1563620782.406, "0"], [1563620783.406, "0"], [1563620784.406, "0"], [1563620785.406, "0"], [1563620786.406, "0"], [1563620787.406, "0"], [1563620788.406, "0.22006941599448"], [1563620789.406, "0.25320695267448"], [1563620790.406, "0.28634448935448"], [1563620791.406, "0.31948202603447995"], [1563620792.406, "0.33137536679999996"], [1563620793.406, "0"], [1563620794.406, "0"], [1563620795.406, "0"], [1563620796.406, "0"], [1563620797.406, "0"], [1563620798.406, "0"], [1563620799.406, "0"], [1563620800.406, "0"], [1563620801.406, "0"], [1563620802.406, "0"], [1563620803.406, "0.0026943714000000397"], [1563620804.406, "0.0026943714000000397"], [1563620805.406, "0.0026943714000000397"], [1563620806.406, "0.0026943714000000397"], [1563620807.406, "0.0026943714000000397"], [1563620808.406, "0"], [1563620809.406, "0"], [1563620810.406, "0"], [1563620811.406, "0"], [1563620812.406, "0"], [1563620813.406, "0.0007282636000000009"], [1563620814.406, "0.0007282636000000009"], [1563620815.406, "0.0007282636000000009"], [1563620816.406, "0.0007282636000000009"], [1563620817.406, "0.0007282636000000009"], [1563620818.406, "0.0031983662000000025"], [1563620819.406, "0.0031983662000000025"], [1563620820.406, "0.0031983662000000025"], [1563620821.406, "0.0031983662000000025"], [1563620822.406, "0.0031983662000000025"], [1563620823.406, "0"], [1563620824.406, "0"], [1563620825.406, "0"], [1563620826.406, "0"], [1563620827.406, "0"], [1563620828.406, "0"], [1563620829.406, "0"], [1563620830.406, "0"], [1563620831.406, "0"]], "mem_values": [[1563620778.406, "0"], [1563620779.406, "0"], [1563620780.406, "0"], [1563620781.406, "0"], [1563620782.406, "0"], [1563620783.406, "0"], [1563620784.406, "0"], [1563620785.406, "0"], [1563620786.406, "0"], [1563620787.406, "0"], [1563620788.406, "7664763.53536"], [1563620789.406, "8617329.295359999"], [1563620790.406, "9470134.51776"], [1563620791.406, "9525657.6"], [1563620792.406, "9525657.6"], [1563620793.406, "0"], [1563620794.406, "0"], [1563620795.406, "0"], [1563620796.406, "0"], [1563620797.406, "0"], [1563620798.406, "0"], [1563620799.406, "0"], [1563620800.406, "0"], [1563620801.406, "0"], [1563620802.406, "0"], [1563620803.406, "819.2"], [1563620804.406, "819.2"], [1563620805.406, "819.2"], [1563620806.406, "819.2"], [1563620807.406, "819.2"], [1563620808.406, "0"], [1563620809.406, "0"], [1563620810.406, "0"], [1563620811.406, "0"], [1563620812.406, "0"], [1563620813.406, "0"], [1563620814.406, "0"], [1563620815.406, "0"], [1563620816.406, "0"], [1563620817.406, "0"], [1563620818.406, "819.2"], [1563620819.406, "819.2"], [1563620820.406, "819.2"], [1563620821.406, "819.2"], [1563620822.406, "819.2"], [1563620823.406, "0"], [1563620824.406, "0"], [1563620825.406, "0"], [1563620826.406, "0"], [1563620827.406, "0"], [1563620828.406, "0"], [1563620829.406, "0"], [1563620830.406, "0"], [1563620831.406, "0"]]}, {"qps": 100, "avg_cpu": 0.08505759683606556, "req_lost": 0.00926388505816389, "avg_mem": 805770.4918032787, "cpu_values": [[1563620891.631, "0"], [1563620892.631, "0"], [1563620893.631, "0"], [1563620894.631, "0"], [1563620895.631, "0"], [1563620896.631, "0"], [1563620897.631, "0"], [1563620898.631, "0"], [1563620899.631, "0"], [1563620900.631, "0"], [1563620901.631, "0"], [1563620902.631, "0"], [1563620903.631, "0.12320343020000002"], [1563620904.631, "0.12320343020000002"], [1563620905.631, "0.12320343020000002"], [1563620906.631, "0.12320343020000002"], [1563620907.631, "0.12320343020000002"], [1563620908.631, "0.16170602879999998"], [1563620909.631, "0.16170602879999998"], [1563620910.631, "0.16170602879999998"], [1563620911.631, "0.16170602879999998"], [1563620912.631, "0.16170602879999998"], [1563620913.631, "0.1687361884"], [1563620914.631, "0.1687361884"], [1563620915.631, "0.1687361884"], [1563620916.631, "0.1687361884"], [1563620917.631, "0.1687361884"], [1563620918.631, "0"], [1563620919.631, "0"], [1563620920.631, "0"], [1563620921.631, "0"], [1563620922.631, "0"], [1563620923.631, "0.1242438232"], [1563620924.631, "0.1242438232"], [1563620925.631, "0.1242438232"], [1563620926.631, "0.1242438232"], [1563620927.631, "0.1242438232"], [1563620928.631, "0.22318036259999996"], [1563620929.631, "0.22318036259999996"], [1563620930.631, "0.22318036259999996"], [1563620931.631, "0.22318036259999996"], [1563620932.631, "0.22318036259999996"], [1563620933.631, "0.09604330599999997"], [1563620934.631, "0.09604330599999997"], [1563620935.631, "0.09604330599999997"], [1563620936.631, "0.09604330599999997"], [1563620937.631, "0.09604330599999997"], [1563620938.631, "0"], [1563620939.631, "0"], [1563620940.631, "0"], [1563620941.631, "0"], [1563620942.631, "0"], [1563620943.631, "0.14058954220000003"], [1563620944.631, "0.14058954220000003"], [1563620945.631, "0.14058954220000003"], [1563620946.631, "0.14058954220000003"], [1563620947.631, "0.14058954220000003"], [1563620948.631, "0"], [1563620949.631, "0"], [1563620950.631, "0"], [1563620951.631, "0"]], "mem_values": [[1563620891.631, "0"], [1563620892.631, "0"], [1563620893.631, "0"], [1563620894.631, "0"], [1563620895.631, "0"], [1563620896.631, "0"], [1563620897.631, "0"], [1563620898.631, "0"], [1563620899.631, "0"], [1563620900.631, "0"], [1563620901.631, "0"], [1563620902.631, "0"], [1563620903.631, "859340.8"], [1563620904.631, "859340.8"], [1563620905.631, "859340.8"], [1563620906.631, "859340.8"], [1563620907.631, "859340.8"], [1563620908.631, "509542.4"], [1563620909.631, "509542.4"], [1563620910.631, "509542.4"], [1563620911.631, "509542.4"], [1563620912.631, "509542.4"], [1563620913.631, "366182.4"], [1563620914.631, "366182.4"], [1563620915.631, "366182.4"], [1563620916.631, "366182.4"], [1563620917.631, "366182.4"], [1563620918.631, "0"], [1563620919.631, "0"], [1563620920.631, "0"], [1563620921.631, "0"], [1563620922.631, "0"], [1563620923.631, "7797964.8"], [1563620924.631, "7797964.8"], [1563620925.631, "7797964.8"], [1563620926.631, "7797964.8"], [1563620927.631, "7797964.8"], [1563620928.631, "223641.6"], [1563620929.631, "223641.6"], [1563620930.631, "223641.6"], [1563620931.631, "223641.6"], [1563620932.631, "223641.6"], [1563620933.631, "68812.8"], [1563620934.631, "68812.8"], [1563620935.631, "68812.8"], [1563620936.631, "68812.8"], [1563620937.631, "68812.8"], [1563620938.631, "0"], [1563620939.631, "0"], [1563620940.631, "0"], [1563620941.631, "0"], [1563620942.631, "0"], [1563620943.631, "4915.2"], [1563620944.631, "4915.2"], [1563620945.631, "4915.2"], [1563620946.631, "4915.2"], [1563620947.631, "4915.2"], [1563620948.631, "0"], [1563620949.631, "0"], [1563620950.631, "0"], [1563620951.631, "0"]]}]}