{"pod": 5, "cpu": "1", "values": [{"qps": 1, "avg_cpu": 0.07010010148425, "req_lost": 0.13037935816847535, "avg_mem": 3040350.216192, "cpu_values": [[1563635223.005, "0"], [1563635224.005, "0"], [1563635225.005, "0"], [1563635226.005, "0"], [1563635227.005, "0"], [1563635228.005, "0.29862868854519997"], [1563635229.005, "0.34989266446519995"], [1563635230.005, "0.40115664038520005"], [1563635231.005, "0.45242061630520003"], [1563635232.005, "0.5036845922252"], [1563635233.005, "0.2078425176973"], [1563635234.005, "0.2447226522773"], [1563635235.005, "0.2816027868573"], [1563635236.005, "0.3184829214373"], [1563635237.005, "0.3553630560173"], [1563635238.005, "0.0010426320000000101"], [1563635239.005, "0.00104263200000001"], [1563635240.005, "0.00104263200000001"], [1563635241.005, "0.00104263200000001"], [1563635242.005, "0.00104263200000001"], [1563635243.005, "0.006975773800000008"], [1563635244.005, "0.0069757738000000066"], [1563635245.005, "0.0069757738000000066"], [1563635246.005, "0.0069757738000000066"], [1563635247.005, "0.0069757738000000066"], [1563635248.005, "0.0020984600000000025"], [1563635249.005, "0.002098460000000002"], [1563635250.005, "0.002098460000000002"], [1563635251.005, "0.002098460000000002"], [1563635252.005, "0.002098460000000002"], [1563635253.005, "0.0016732123999999796"], [1563635254.005, "0.0016732123999999794"], [1563635255.005, "0.0016732123999999794"], [1563635256.005, "0.0016732123999999794"], [1563635257.005, "0.0016732123999999794"], [1563635258.005, "0.004129752599999993"], [1563635259.005, "0.004129752599999992"], [1563635260.005, "0.004129752599999992"], [1563635261.005, "0.004129752599999992"], [1563635262.005, "0.004129752599999992"], [1563635263.005, "0.0008692646000000084"], [1563635264.005, "0.0008692646000000081"], [1563635265.005, "0.0008692646000000081"], [1563635266.005, "0.0008692646000000081"], [1563635267.005, "0.0008692646000000081"], [1563635268.005, "0.001452492200000011"], [1563635269.005, "0.0014524922000000106"], [1563635270.005, "0.0014524922000000106"], [1563635271.005, "0.0014524922000000106"], [1563635272.005, "0.0014524922000000106"]], "mem_values": [[1563635223.005, "0"], [1563635224.005, "0"], [1563635225.005, "0"], [1563635226.005, "0"], [1563635227.005, "0"], [1563635228.005, "10773352.038399998"], [1563635229.005, "12372184.6784"], [1563635230.005, "13971017.3184"], [1563635231.005, "15568954.163200002"], [1563635232.005, "15988326.400000002"], [1563635233.005, "7264355.5328"], [1563635234.005, "8365278.4128"], [1563635235.005, "9466201.2928"], [1563635236.005, "10567124.1728"], [1563635237.005, "11009228.8"], [1563635238.005, "137625.60000000003"], [1563635239.005, "137625.6"], [1563635240.005, "137625.6"], [1563635241.005, "137625.6"], [1563635242.005, "137625.6"], [1563635243.005, "7194214.400000001"], [1563635244.005, "7194214.399999999"], [1563635245.005, "7194214.399999999"], [1563635246.005, "7194214.399999999"], [1563635247.005, "7194214.399999999"], [1563635248.005, "819.2000000000002"], [1563635249.005, "819.2"], [1563635250.005, "819.2"], [1563635251.005, "819.2"], [1563635252.005, "819.2"], [1563635253.005, "0"], [1563635254.005, "0"], [1563635255.005, "0"], [1563635256.005, "0"], [1563635257.005, "0"], [1563635258.005, "1638.4000000000003"], [1563635259.005, "1638.4"], [1563635260.005, "1638.4"], [1563635261.005, "1638.4"], [1563635262.005, "1638.4"], [1563635263.005, "0"], [1563635264.005, "0"], [1563635265.005, "0"], [1563635266.005, "0"], [1563635267.005, "0"], [1563635268.005, "0"], [1563635269.005, "0"], [1563635270.005, "0"], [1563635271.005, "0"], [1563635272.005, "0"]]}]}