{"pod": 1, "cpu": "1", "values": [{"qps": 5000, "avg_cpu": 0.8710182261344724, "req_lost": 55.75275817700368, "avg_mem": 2154451.2493388606, "cpu_values": [[1563614187.989, "0"], [1563614188.989, "0"], [1563614189.989, "0"], [1563614190.989, "0"], [1563614191.989, "0"], [1563614192.989, "0"], [1563614193.989, "0"], [1563614194.989, "0"], [1563614195.989, "0"], [1563614196.989, "0"], [1563614197.989, "1.3593489692335066"], [1563614198.989, "1.6210691448832466"], [1563614199.989, "1.8827893205329869"], [1563614200.989, "2.144509496182727"], [1563614201.989, "2.406229671832467"], [1563614202.989, "0"], [1563614203.989, "0"], [1563614204.989, "0"], [1563614205.989, "0"], [1563614206.989, "0"], [1563614207.989, "2.1800415778000004"], [1563614208.989, "2.1800415778000004"], [1563614209.989, "2.1800415778000004"], [1563614210.989, "2.1800415778000004"], [1563614211.989, "2.1800415778000004"], [1563614212.989, "0"], [1563614213.989, "0"], [1563614214.989, "0"], [1563614215.989, "0"], [1563614216.989, "0"], [1563614217.989, "0"], [1563614218.989, "0"], [1563614219.989, "0"], [1563614220.989, "0"], [1563614221.989, "0"], [1563614222.989, "0"], [1563614223.989, "0"], [1563614224.989, "0"], [1563614225.989, "0"], [1563614226.989, "0"], [1563614227.989, "3.3416457158"], [1563614228.989, "3.3416457158"], [1563614229.989, "3.3416457158"], [1563614230.989, "3.3416457158"], [1563614231.989, "3.3416457158"], [1563614232.989, "0"], [1563614233.989, "0"], [1563614234.989, "0"], [1563614235.989, "0"], [1563614236.989, "0"], [1563614237.989, "2.525131163799999"], [1563614238.989, "2.525131163799999"], [1563614239.989, "2.525131163799999"], [1563614240.989, "2.525131163799999"], [1563614241.989, "2.525131163799999"], [1563614242.989, "0"], [1563614243.989, "0"]], "mem_values": [[1563614187.989, "0"], [1563614188.989, "0"], [1563614189.989, "0"], [1563614190.989, "0"], [1563614191.989, "0"], [1563614192.989, "0"], [1563614193.989, "0"], [1563614194.989, "0"], [1563614195.989, "0"], [1563614196.989, "0"], [1563614197.989, "5337957.478768493"], [1563614198.989, "6243302.8606157545"], [1563614199.989, "7148648.242463015"], [1563614200.989, "8053993.624310276"], [1563614201.989, "8959339.006157536"], [1563614202.989, "0"], [1563614203.989, "0"], [1563614204.989, "0"], [1563614205.989, "0"], [1563614206.989, "0"], [1563614207.989, "3403776"], [1563614208.989, "3403776"], [1563614209.989, "3403776"], [1563614210.989, "3403776"], [1563614211.989, "3403776"], [1563614212.989, "0"], [1563614213.989, "0"], [1563614214.989, "0"], [1563614215.989, "0"], [1563614216.989, "0"], [1563614217.989, "0"], [1563614218.989, "0"], [1563614219.989, "0"], [1563614220.989, "0"], [1563614221.989, "0"], [1563614222.989, "0"], [1563614223.989, "0"], [1563614224.989, "0"], [1563614225.989, "0"], [1563614226.989, "0"], [1563614227.989, "148275.2"], [1563614228.989, "148275.2"], [1563614229.989, "148275.2"], [1563614230.989, "148275.2"], [1563614231.989, "148275.2"], [1563614232.989, "0"], [1563614233.989, "0"], [1563614234.989, "0"], [1563614235.989, "0"], [1563614236.989, "0"], [1563614237.989, "13860044.8"], [1563614238.989, "13860044.8"], [1563614239.989, "13860044.8"], [1563614240.989, "13860044.8"], [1563614241.989, "13860044.8"], [1563614242.989, "0"], [1563614243.989, "0"]]}]}