{"pod": 6, "cpu": "1", "values": [{"qps": 5000, "avg_cpu": 2.69143278034224, "req_lost": 0.005080910704802211, "avg_mem": 5278267.9925797675, "cpu_values": [[1563614888.655, "0"], [1563614889.655, "0"], [1563614890.655, "0"], [1563614891.655, "0"], [1563614892.655, "0"], [1563614893.655, "0"], [1563614894.655, "0"], [1563614895.655, "0"], [1563614896.655, "0"], [1563614897.655, "0"], [1563614898.655, "5.580436085093799"], [1563614899.655, "6.5209705013737995"], [1563614900.655, "7.461504917653801"], [1563614901.655, "8.4020393339338"], [1563614902.655, "9.332087334234"], [1563614903.655, "0"], [1563614904.655, "0"], [1563614905.655, "0"], [1563614906.655, "0"], [1563614907.655, "0"], [1563614908.655, "2.7106255073999996"], [1563614909.655, "2.7106255073999996"], [1563614910.655, "2.7106255073999996"], [1563614911.655, "2.7106255073999996"], [1563614912.655, "2.7106255073999996"], [1563614913.655, "3.5775776152518493"], [1563614914.655, "3.6068755428914216"], [1563614915.655, "3.6068755428914216"], [1563614916.655, "3.6068755428914216"], [1563614917.655, "3.6068755428914216"], [1563614918.655, "2.3050688387677534"], [1563614919.655, "2.3050688387677534"], [1563614920.655, "2.3050688387677534"], [1563614921.655, "2.3050688387677534"], [1563614922.655, "2.3050688387677534"], [1563614923.655, "2.8627371777999997"], [1563614924.655, "2.8627371777999997"], [1563614925.655, "2.8627371777999997"], [1563614926.655, "2.8627371777999997"], [1563614927.655, "2.8627371777999997"], [1563614928.655, "4.9203446698"], [1563614929.655, "4.9203446698"], [1563614930.655, "4.9203446698"], [1563614931.655, "4.9203446698"], [1563614932.655, "4.9203446698"], [1563614933.655, "2.3034966740651868"], [1563614934.655, "2.3034966740651868"], [1563614935.655, "2.3034966740651868"], [1563614936.655, "2.3034966740651868"], [1563614937.655, "2.3034966740651868"], [1563614938.655, "4.519637236247249"], [1563614939.655, "4.519637236247249"], [1563614940.655, "4.519637236247249"], [1563614941.655, "4.519637236247249"], [1563614942.655, "4.519637236247249"], [1563614943.655, "0"], [1563614944.655, "0"]], "mem_values": [[1563614888.655, "0"], [1563614889.655, "0"], [1563614890.655, "0"], [1563614891.655, "0"], [1563614892.655, "0"], [1563614893.655, "0"], [1563614894.655, "0"], [1563614895.655, "0"], [1563614896.655, "0"], [1563614897.655, "0"], [1563614898.655, "28228517.4784"], [1563614899.655, "31614844.5184"], [1563614900.655, "35001171.558400005"], [1563614901.655, "37723015.5776"], [1563614902.655, "38168166.4"], [1563614903.655, "0"], [1563614904.655, "0"], [1563614905.655, "0"], [1563614906.655, "0"], [1563614907.655, "0"], [1563614908.655, "1482752"], [1563614909.655, "1482752"], [1563614910.655, "1482752"], [1563614911.655, "1482752"], [1563614912.655, "1482752"], [1563614913.655, "1737175.7648470304"], [1563614914.655, "1737175.7648470304"], [1563614915.655, "1737175.7648470304"], [1563614916.655, "1737175.7648470304"], [1563614917.655, "1737175.7648470304"], [1563614918.655, "1081560.3120624125"], [1563614919.655, "1081560.3120624125"], [1563614920.655, "1081560.3120624125"], [1563614921.655, "1081560.3120624125"], [1563614922.655, "1081560.3120624125"], [1563614923.655, "801996.8"], [1563614924.655, "801996.8"], [1563614925.655, "801996.8"], [1563614926.655, "801996.8"], [1563614927.655, "801996.8"], [1563614928.655, "31129.6"], [1563614929.655, "31129.6"], [1563614930.655, "31129.6"], [1563614931.655, "31129.6"], [1563614932.655, "31129.6"], [1563614933.655, "10249418.916216757"], [1563614934.655, "10249418.916216757"], [1563614935.655, "10249418.916216757"], [1563614936.655, "10249418.916216757"], [1563614937.655, "10249418.916216757"], [1563614938.655, "10641078.615723144"], [1563614939.655, "10641078.615723144"], [1563614940.655, "10641078.615723144"], [1563614941.655, "10641078.615723144"], [1563614942.655, "10641078.615723144"], [1563614943.655, "0"], [1563614944.655, "0"]]}]}