{"pod": 3, "cpu": "1", "values": [{"qps": 1, "avg_cpu": 0.0444688121354717, "req_lost": 0.016275898734263716, "avg_mem": 2708629.3417056603, "cpu_values": [[1563625608.304, "0"], [1563625609.304, "0"], [1563625610.304, "0"], [1563625611.304, "0"], [1563625612.304, "0"], [1563625613.304, "0"], [1563625614.304, "0"], [1563625615.304, "0"], [1563625616.304, "0"], [1563625617.304, "0"], [1563625618.304, "0"], [1563625619.304, "0"], [1563625620.304, "0"], [1563625621.304, "0"], [1563625622.304, "0"], [1563625623.304, "0.34512994143599995"], [1563625624.304, "0.403550945436"], [1563625625.304, "0.46197194943599995"], [1563625626.304, "0.520392953436"], [1563625627.304, "0.5788139574360001"], [1563625628.304, "0"], [1563625629.304, "0"], [1563625630.304, "0"], [1563625631.304, "0"], [1563625632.304, "0"], [1563625633.304, "0.00196434179999998"], [1563625634.304, "0.00196434179999998"], [1563625635.304, "0.00196434179999998"], [1563625636.304, "0.00196434179999998"], [1563625637.304, "0.00196434179999998"], [1563625638.304, "0.003944597799999982"], [1563625639.304, "0.003944597799999982"], [1563625640.304, "0.003944597799999982"], [1563625641.304, "0.003944597799999982"], [1563625642.304, "0.003944597799999982"], [1563625643.304, "0"], [1563625644.304, "0"], [1563625645.304, "0"], [1563625646.304, "0"], [1563625647.304, "0"], [1563625648.304, "0.0024277694000000016"], [1563625649.304, "0.0024277694000000016"], [1563625650.304, "0.0024277694000000016"], [1563625651.304, "0.0024277694000000016"], [1563625652.304, "0.0024277694000000016"], [1563625653.304, "0.0010607502000000047"], [1563625654.304, "0.0010607502000000047"], [1563625655.304, "0.0010607502000000047"], [1563625656.304, "0.0010607502000000047"], [1563625657.304, "0.0010607502000000047"], [1563625658.304, "0"], [1563625659.304, "0"], [1563625660.304, "0"]], "mem_values": [[1563625608.304, "0"], [1563625609.304, "0"], [1563625610.304, "0"], [1563625611.304, "0"], [1563625612.304, "0"], [1563625613.304, "0"], [1563625614.304, "0"], [1563625615.304, "0"], [1563625616.304, "0"], [1563625617.304, "0"], [1563625618.304, "0"], [1563625619.304, "0"], [1563625620.304, "0"], [1563625621.304, "0"], [1563625622.304, "0"], [1563625623.304, "11436833.1776"], [1563625624.304, "13140359.5776"], [1563625625.304, "14843885.9776"], [1563625626.304, "16547412.3776"], [1563625627.304, "17035264"], [1563625628.304, "0"], [1563625629.304, "0"], [1563625630.304, "0"], [1563625631.304, "0"], [1563625632.304, "0"], [1563625633.304, "819.2"], [1563625634.304, "819.2"], [1563625635.304, "819.2"], [1563625636.304, "819.2"], [1563625637.304, "819.2"], [1563625638.304, "1638.4"], [1563625639.304, "1638.4"], [1563625640.304, "1638.4"], [1563625641.304, "1638.4"], [1563625642.304, "1638.4"], [1563625643.304, "0"], [1563625644.304, "0"], [1563625645.304, "0"], [1563625646.304, "0"], [1563625647.304, "0"], [1563625648.304, "7050035.2"], [1563625649.304, "7050035.2"], [1563625650.304, "7050035.2"], [1563625651.304, "7050035.2"], [1563625652.304, "7050035.2"], [1563625653.304, "7058227.2"], [1563625654.304, "7058227.2"], [1563625655.304, "7058227.2"], [1563625656.304, "7058227.2"], [1563625657.304, "7058227.2"], [1563625658.304, "0"], [1563625659.304, "0"], [1563625660.304, "0"]]}, {"qps": 100, "avg_cpu": 0.10050465669133647, "req_lost": 0.006627222436772495, "avg_mem": 844688.2989041536, "cpu_values": [[1563625720.519, "0"], [1563625721.519, "0"], [1563625722.519, "0"], [1563625723.519, "0"], [1563625724.519, "0"], [1563625725.519, "0"], [1563625726.519, "0"], [1563625727.519, "0"], [1563625728.519, "0"], [1563625729.519, "0"], [1563625730.519, "0"], [1563625731.519, "0"], [1563625732.519, "0"], [1563625733.519, "0.1454564398"], [1563625734.519, "0.1454564398"], [1563625735.519, "0.1454564398"], [1563625736.519, "0.1454564398"], [1563625737.519, "0.1454564398"], [1563625738.519, "0"], [1563625739.519, "0"], [1563625740.519, "0"], [1563625741.519, "0"], [1563625742.519, "0"], [1563625743.519, "0.4284616284743052"], [1563625744.519, "0.4284616284743052"], [1563625745.519, "0.4284616284743052"], [1563625746.519, "0.4284616284743052"], [1563625747.519, "0.4284616284743052"], [1563625748.519, "0"], [1563625749.519, "0"], [1563625750.519, "0"], [1563625751.519, "0"], [1563625752.519, "0"], [1563625753.519, "0"], [1563625754.519, "0"], [1563625755.519, "0"], [1563625756.519, "0"], [1563625757.519, "0"], [1563625758.519, "0.2427244596"], [1563625759.519, "0.2427244596"], [1563625760.519, "0.2427244596"], [1563625761.519, "0.2427244596"], [1563625762.519, "0.2427244596"], [1563625763.519, "0.12701222659999994"], [1563625764.519, "0.12701222659999994"], [1563625765.519, "0.12701222659999994"], [1563625766.519, "0.12701222659999994"], [1563625767.519, "0.12701222659999994"], [1563625768.519, "0.21137634079999995"], [1563625769.519, "0.21137634079999995"], [1563625770.519, "0.21137634079999995"], [1563625771.519, "0.21137634079999995"], [1563625772.519, "0.21137634079999995"], [1563625773.519, "0"], [1563625774.519, "0"], [1563625775.519, "0"], [1563625776.519, "0"], [1563625777.519, "0"], [1563625778.519, "0.11854286060000004"], [1563625779.519, "0.11854286060000004"], [1563625780.519, "0.11854286060000004"]], "mem_values": [[1563625720.519, "0"], [1563625721.519, "0"], [1563625722.519, "0"], [1563625723.519, "0"], [1563625724.519, "0"], [1563625725.519, "0"], [1563625726.519, "0"], [1563625727.519, "0"], [1563625728.519, "0"], [1563625729.519, "0"], [1563625730.519, "0"], [1563625731.519, "0"], [1563625732.519, "0"], [1563625733.519, "495616"], [1563625734.519, "495616"], [1563625735.519, "495616"], [1563625736.519, "495616"], [1563625737.519, "495616"], [1563625738.519, "0"], [1563625739.519, "0"], [1563625740.519, "0"], [1563625741.519, "0"], [1563625742.519, "0"], [1563625743.519, "1693766.8466306736"], [1563625744.519, "1693766.8466306736"], [1563625745.519, "1693766.8466306736"], [1563625746.519, "1693766.8466306736"], [1563625747.519, "1693766.8466306736"], [1563625748.519, "0"], [1563625749.519, "0"], [1563625750.519, "0"], [1563625751.519, "0"], [1563625752.519, "0"], [1563625753.519, "0"], [1563625754.519, "0"], [1563625755.519, "0"], [1563625756.519, "0"], [1563625757.519, "0"], [1563625758.519, "7816806.4"], [1563625759.519, "7816806.4"], [1563625760.519, "7816806.4"], [1563625761.519, "7816806.4"], [1563625762.519, "7816806.4"], [1563625763.519, "47513.6"], [1563625764.519, "47513.6"], [1563625765.519, "47513.6"], [1563625766.519, "47513.6"], [1563625767.519, "47513.6"], [1563625768.519, "236748.8"], [1563625769.519, "236748.8"], [1563625770.519, "236748.8"], [1563625771.519, "236748.8"], [1563625772.519, "236748.8"], [1563625773.519, "0"], [1563625774.519, "0"], [1563625775.519, "0"], [1563625776.519, "0"], [1563625777.519, "0"], [1563625778.519, "24576"], [1563625779.519, "24576"], [1563625780.519, "24576"]]}]}