{"pod": 4, "cpu": "1", "values": [{"qps": 5000, "avg_cpu": 1.8396730031108128, "req_lost": 13.338637755727268, "avg_mem": 3553187.5252547367, "cpu_values": [[1563614608.284, "0"], [1563614609.284, "0"], [1563614610.284, "0"], [1563614611.284, "0"], [1563614612.284, "0"], [1563614613.284, "0"], [1563614614.284, "0"], [1563614615.284, "0"], [1563614616.284, "0"], [1563614617.284, "0"], [1563614618.284, "3.4105458743675205"], [1563614619.284, "4.02690380554752"], [1563614620.284, "4.64326173672752"], [1563614621.284, "5.25961966790752"], [1563614622.284, "5.87597759908752"], [1563614623.284, "0"], [1563614624.284, "0"], [1563614625.284, "0"], [1563614626.284, "0"], [1563614627.284, "0"], [1563614628.284, "1.0813830568000002"], [1563614629.284, "1.0813830568000002"], [1563614630.284, "1.0813830568000002"], [1563614631.284, "1.0813830568000002"], [1563614632.284, "1.0813830568000002"], [1563614633.284, "2.2795736842000003"], [1563614634.284, "2.2795736842000003"], [1563614635.284, "2.2795736842000003"], [1563614636.284, "2.2795736842000003"], [1563614637.284, "2.2795736842000003"], [1563614638.284, "3.1726849188193595"], [1563614639.284, "3.5430634660593596"], [1563614640.284, "3.7037854724"], [1563614641.284, "3.7037854724"], [1563614642.284, "3.7037854724"], [1563614643.284, "1.3149395846"], [1563614644.284, "1.3149395846"], [1563614645.284, "1.3149395846"], [1563614646.284, "1.3149395846"], [1563614647.284, "1.3149395846"], [1563614648.284, "3.1266954976"], [1563614649.284, "3.1266954976"], [1563614650.284, "3.1266954976"], [1563614651.284, "3.1266954976"], [1563614652.284, "3.1266954976"], [1563614653.284, "3.6833711547999997"], [1563614654.284, "3.6833711547999997"], [1563614655.284, "3.6833711547999997"], [1563614656.284, "3.6833711547999997"], [1563614657.284, "3.6833711547999997"], [1563614658.284, "0"], [1563614659.284, "0"], [1563614660.284, "0"], [1563614661.284, "0"], [1563614662.284, "0"], [1563614663.284, "3.1940664007999997"], [1563614664.284, "3.1940664007999997"]], "mem_values": [[1563614608.284, "0"], [1563614609.284, "0"], [1563614610.284, "0"], [1563614611.284, "0"], [1563614612.284, "0"], [1563614613.284, "0"], [1563614614.284, "0"], [1563614615.284, "0"], [1563614616.284, "0"], [1563614617.284, "0"], [1563614618.284, "19773330.55488"], [1563614619.284, "22798308.474880002"], [1563614620.284, "25823286.394879997"], [1563614621.284, "28848264.31488"], [1563614622.284, "30249779.200000003"], [1563614623.284, "0"], [1563614624.284, "0"], [1563614625.284, "0"], [1563614626.284, "0"], [1563614627.284, "0"], [1563614628.284, "333414.4"], [1563614629.284, "333414.4"], [1563614630.284, "333414.4"], [1563614631.284, "333414.4"], [1563614632.284, "333414.4"], [1563614633.284, "0"], [1563614634.284, "0"], [1563614635.284, "0"], [1563614636.284, "0"], [1563614637.284, "0"], [1563614638.284, "10685644.8"], [1563614639.284, "10685644.8"], [1563614640.284, "10685644.8"], [1563614641.284, "10685644.8"], [1563614642.284, "10685644.8"], [1563614643.284, "449740.8"], [1563614644.284, "449740.8"], [1563614645.284, "449740.8"], [1563614646.284, "449740.8"], [1563614647.284, "449740.8"], [1563614648.284, "3195699.2"], [1563614649.284, "3195699.2"], [1563614650.284, "3195699.2"], [1563614651.284, "3195699.2"], [1563614652.284, "3195699.2"], [1563614653.284, "330137.60000000003"], [1563614654.284, "330137.60000000003"], [1563614655.284, "330137.60000000003"], [1563614656.284, "330137.60000000003"], [1563614657.284, "330137.60000000003"], [1563614658.284, "0"], [1563614659.284, "0"], [1563614660.284, "0"], [1563614661.284, "0"], [1563614662.284, "0"], [1563614663.284, "32768"], [1563614664.284, "32768"]]}]}