{"pod": 2, "cpu": "1", "values": [{"qps": 5000, "avg_cpu": 1.5950480043563495, "req_lost": 23.220350630231547, "avg_mem": 3316462.375369272, "cpu_values": [[1563614328.457, "0"], [1563614329.457, "0"], [1563614330.457, "0"], [1563614331.457, "0"], [1563614332.457, "0"], [1563614333.457, "0"], [1563614334.457, "0"], [1563614335.457, "0"], [1563614336.457, "0"], [1563614337.457, "0"], [1563614338.457, "2.87961127312684"], [1563614339.457, "3.3878305524468404"], [1563614340.457, "3.89604983176684"], [1563614341.457, "4.40426911108684"], [1563614342.457, "4.91248839040684"], [1563614343.457, "0"], [1563614344.457, "0"], [1563614345.457, "0"], [1563614346.457, "0"], [1563614347.457, "0"], [1563614348.457, "0"], [1563614349.457, "0"], [1563614350.457, "0"], [1563614351.457, "0"], [1563614352.457, "0"], [1563614353.457, "2.4193752554"], [1563614354.457, "2.4193752554"], [1563614355.457, "2.4193752554"], [1563614356.457, "2.4193752554"], [1563614357.457, "2.4193752554"], [1563614358.457, "3.02089970871428"], [1563614359.457, "3.2145608244000003"], [1563614360.457, "3.2145608244000003"], [1563614361.457, "3.2145608244000003"], [1563614362.457, "3.2145608244000003"], [1563614363.457, "2.1353913555288933"], [1563614364.457, "2.1353913555288933"], [1563614365.457, "2.1353913555288933"], [1563614366.457, "2.1353913555288933"], [1563614367.457, "2.1353913555288933"], [1563614368.457, "2.640584918983796"], [1563614369.457, "2.640584918983796"], [1563614370.457, "2.640584918983796"], [1563614371.457, "2.640584918983796"], [1563614372.457, "2.640584918983796"], [1563614373.457, "0"], [1563614374.457, "0"], [1563614375.457, "0"], [1563614376.457, "0"], [1563614377.457, "0"], [1563614378.457, "2.8005343612000004"], [1563614379.457, "2.8005343612000004"], [1563614380.457, "2.8005343612000004"], [1563614381.457, "2.8005343612000004"], [1563614382.457, "2.8005343612000004"], [1563614383.457, "2.789457313800001"], [1563614384.457, "2.789457313800001"]], "mem_values": [[1563614328.457, "0"], [1563614329.457, "0"], [1563614330.457, "0"], [1563614331.457, "0"], [1563614332.457, "0"], [1563614333.457, "0"], [1563614334.457, "0"], [1563614335.457, "0"], [1563614336.457, "0"], [1563614337.457, "0"], [1563614338.457, "11706385.53088"], [1563614339.457, "13559579.770880003"], [1563614340.457, "15412774.01088"], [1563614341.457, "17265968.250880003"], [1563614342.457, "18531942.4"], [1563614343.457, "0"], [1563614344.457, "0"], [1563614345.457, "0"], [1563614346.457, "0"], [1563614347.457, "0"], [1563614348.457, "0"], [1563614349.457, "0"], [1563614350.457, "0"], [1563614351.457, "0"], [1563614352.457, "0"], [1563614353.457, "13107.2"], [1563614354.457, "13107.2"], [1563614355.457, "13107.2"], [1563614356.457, "13107.2"], [1563614357.457, "13107.2"], [1563614358.457, "10441523.2"], [1563614359.457, "10441523.2"], [1563614360.457, "10441523.2"], [1563614361.457, "10441523.2"], [1563614362.457, "10441523.2"], [1563614363.457, "3055004.9990001996"], [1563614364.457, "3055004.9990001996"], [1563614365.457, "3055004.9990001996"], [1563614366.457, "3055004.9990001996"], [1563614367.457, "3055004.9990001996"], [1563614368.457, "3403637.5275055007"], [1563614369.457, "3403637.5275055007"], [1563614370.457, "3403637.5275055007"], [1563614371.457, "3403637.5275055007"], [1563614372.457, "3403637.5275055007"], [1563614373.457, "0"], [1563614374.457, "0"], [1563614375.457, "0"], [1563614376.457, "0"], [1563614377.457, "0"], [1563614378.457, "67174.4"], [1563614379.457, "67174.4"], [1563614380.457, "67174.4"], [1563614381.457, "67174.4"], [1563614382.457, "67174.4"], [1563614383.457, "13829734.4"], [1563614384.457, "13829734.4"]]}]}