{"pod": 1, "cpu": "1", "values": [{"qps": 1, "avg_cpu": 0.014841568503410766, "req_lost": 0.020129050968753504, "avg_mem": 1181225.648443077, "cpu_values": [[1563615958.511, "0"], [1563615959.511, "0"], [1563615960.511, "0"], [1563615961.511, "0"], [1563615962.511, "0"], [1563615963.511, "0"], [1563615964.511, "0"], [1563615965.511, "0"], [1563615966.511, "0"], [1563615967.511, "0"], [1563615968.511, "0.11125629908433998"], [1563615969.511, "0.12922620282434"], [1563615970.511, "0.14719610656433998"], [1563615971.511, "0.16516601030434"], [1563615972.511, "0.1796990374"], [1563615973.511, "0"], [1563615974.511, "0"], [1563615975.511, "0"], [1563615976.511, "0"], [1563615977.511, "0"], [1563615978.511, "0"], [1563615979.511, "0"], [1563615980.511, "0"], [1563615981.511, "0"], [1563615982.511, "0"], [1563615983.511, "0.0027487591999999735"], [1563615984.511, "0.0027487591999999735"], [1563615985.511, "0.0027487591999999727"], [1563615986.511, "0.0027487591999999727"], [1563615987.511, "0.0027487591999999727"], [1563615988.511, "0"], [1563615989.511, "0"], [1563615990.511, "0"], [1563615991.511, "0"], [1563615992.511, "0"], [1563615993.511, "0"], [1563615994.511, "0"], [1563615995.511, "0"], [1563615996.511, "0"], [1563615997.511, "0"], [1563615998.511, "0.005094822000000001"], [1563615999.511, "0.005094822000000001"], [1563616000.511, "0.005094821999999999"], [1563616001.511, "0.005094821999999999"], [1563616002.511, "0.005094821999999999"], [1563616003.511, "0"], [1563616004.511, "0"], [1563616005.511, "0"], [1563616006.511, "0"], [1563616007.511, "0"], [1563616008.511, "0"], [1563616009.511, "0"]], "mem_values": [[1563615958.511, "0"], [1563615959.511, "0"], [1563615960.511, "0"], [1563615961.511, "0"], [1563615962.511, "0"], [1563615963.511, "0"], [1563615964.511, "0"], [1563615965.511, "0"], [1563615966.511, "0"], [1563615967.511, "0"], [1563615968.511, "3978975.55968"], [1563615969.511, "4541684.03968"], [1563615970.511, "5104392.519679999"], [1563615971.511, "5627084.8"], [1563615972.511, "5627084.8"], [1563615973.511, "0"], [1563615974.511, "0"], [1563615975.511, "0"], [1563615976.511, "0"], [1563615977.511, "0"], [1563615978.511, "0"], [1563615979.511, "0"], [1563615980.511, "0"], [1563615981.511, "0"], [1563615982.511, "0"], [1563615983.511, "7157350.400000001"], [1563615984.511, "7157350.400000001"], [1563615985.511, "7157350.4"], [1563615986.511, "7157350.4"], [1563615987.511, "7157350.4"], [1563615988.511, "0"], [1563615989.511, "0"], [1563615990.511, "0"], [1563615991.511, "0"], [1563615992.511, "0"], [1563615993.511, "0"], [1563615994.511, "0"], [1563615995.511, "0"], [1563615996.511, "0"], [1563615997.511, "0"], [1563615998.511, "151552.00000000003"], [1563615999.511, "151552.00000000003"], [1563616000.511, "151552"], [1563616001.511, "151552"], [1563616002.511, "151552"], [1563616003.511, "0"], [1563616004.511, "0"], [1563616005.511, "0"], [1563616006.511, "0"], [1563616007.511, "0"], [1563616008.511, "0"], [1563616009.511, "0"]]}, {"qps": 100, "avg_cpu": 0.06885878327731203, "req_lost": 0.007664790798111998, "avg_mem": 103179.9156009727, "cpu_values": [[1563616069.628, "0"], [1563616070.628, "0"], [1563616071.628, "0"], [1563616072.628, "0"], [1563616073.628, "0"], [1563616074.628, "0"], [1563616075.628, "0"], [1563616076.628, "0"], [1563616077.628, "0"], [1563616078.628, "0.11839864214314275"], [1563616079.628, "0.11839864214314275"], [1563616080.628, "0.11839864214314275"], [1563616081.628, "0.11839864214314275"], [1563616082.628, "0.11839864214314275"], [1563616083.628, "0"], [1563616084.628, "0"], [1563616085.628, "0"], [1563616086.628, "0"], [1563616087.628, "0"], [1563616088.628, "0"], [1563616089.628, "0"], [1563616090.628, "0"], [1563616091.628, "0"], [1563616092.628, "0"], [1563616093.628, "0"], [1563616094.628, "0"], [1563616095.628, "0"], [1563616096.628, "0"], [1563616097.628, "0"], [1563616098.628, "0.39326781260032007"], [1563616099.628, "0.3936345854"], [1563616100.628, "0.3936345854"], [1563616101.628, "0.3936345854"], [1563616102.628, "0.3936345854"], [1563616103.628, "0"], [1563616104.628, "0"], [1563616105.628, "0"], [1563616106.628, "0"], [1563616107.628, "0"], [1563616108.628, "0.16021480659999998"], [1563616109.628, "0.16021480659999998"], [1563616110.628, "0.16021480659999998"], [1563616111.628, "0.16021480659999998"], [1563616112.628, "0.16021480659999998"], [1563616113.628, "0"], [1563616114.628, "0"], [1563616115.628, "0"], [1563616116.628, "0"], [1563616117.628, "0"], [1563616118.628, "0"], [1563616119.628, "0"], [1563616120.628, "0"], [1563616121.628, "0"], [1563616122.628, "0"], [1563616123.628, "0.16790247639999994"], [1563616124.628, "0.16790247639999994"], [1563616125.628, "0.16790247639999994"], [1563616126.628, "0.16790247639999994"], [1563616127.628, "0.16790247639999994"], [1563616128.628, "0"], [1563616129.628, "0"]], "mem_values": [[1563616069.628, "0"], [1563616070.628, "0"], [1563616071.628, "0"], [1563616072.628, "0"], [1563616073.628, "0"], [1563616074.628, "0"], [1563616075.628, "0"], [1563616076.628, "0"], [1563616077.628, "0"], [1563616078.628, "788574.1703318672"], [1563616079.628, "788574.1703318672"], [1563616080.628, "788574.1703318672"], [1563616081.628, "788574.1703318672"], [1563616082.628, "788574.1703318672"], [1563616083.628, "0"], [1563616084.628, "0"], [1563616085.628, "0"], [1563616086.628, "0"], [1563616087.628, "0"], [1563616088.628, "0"], [1563616089.628, "0"], [1563616090.628, "0"], [1563616091.628, "0"], [1563616092.628, "0"], [1563616093.628, "0"], [1563616094.628, "0"], [1563616095.628, "0"], [1563616096.628, "0"], [1563616097.628, "0"], [1563616098.628, "205619.2"], [1563616099.628, "205619.2"], [1563616100.628, "205619.2"], [1563616101.628, "205619.2"], [1563616102.628, "205619.2"], [1563616103.628, "0"], [1563616104.628, "0"], [1563616105.628, "0"], [1563616106.628, "0"], [1563616107.628, "0"], [1563616108.628, "122880"], [1563616109.628, "122880"], [1563616110.628, "122880"], [1563616111.628, "122880"], [1563616112.628, "122880"], [1563616113.628, "0"], [1563616114.628, "0"], [1563616115.628, "0"], [1563616116.628, "0"], [1563616117.628, "0"], [1563616118.628, "0"], [1563616119.628, "0"], [1563616120.628, "0"], [1563616121.628, "0"], [1563616122.628, "0"], [1563616123.628, "141721.6"], [1563616124.628, "141721.6"], [1563616125.628, "141721.6"], [1563616126.628, "141721.6"], [1563616127.628, "141721.6"], [1563616128.628, "0"], [1563616129.628, "0"]]}, {"qps": 200, "avg_cpu": 0.11336196149508199, "req_lost": 0.0085599238809686, "avg_mem": 115681.7836065574,