{"pod": 5, "cpu": "1", "values": [{"qps": 1, "avg_cpu": 0.07010010148425, "req_lost": 0.13037935816847535, "avg_mem": 3040350.216192, "cpu_values": [[1563635223.005, "0"], [1563635224.005, "0"], [1563635225.005, "0"], [1563635226.005, "0"], [1563635227.005, "0"], [1563635228.005, "0.29862868854519997"], [1563635229.005, "0.34989266446519995"], [1563635230.005, "0.40115664038520005"], [1563635231.005, "0.45242061630520003"], [1563635232.005, "0.5036845922252"], [1563635233.005, "0.2078425176973"], [1563635234.005, "0.2447226522773"], [1563635235.005, "0.2816027868573"], [1563635236.005, "0.3184829214373"], [1563635237.005, "0.3553630560173"], [1563635238.005, "0.0010426320000000101"], [1563635239.005, "0.00104263200000001"], [1563635240.005, "0.00104263200000001"], [1563635241.005, "0.00104263200000001"], [1563635242.005, "0.00104263200000001"], [1563635243.005, "0.006975773800000008"], [1563635244.005, "0.0069757738000000066"], [1563635245.005, "0.0069757738000000066"], [1563635246.005, "0.0069757738000000066"], [1563635247.005, "0.0069757738000000066"], [1563635248.005, "0.0020984600000000025"], [1563635249.005, "0.002098460000000002"], [1563635250.005, "0.002098460000000002"], [1563635251.005, "0.002098460000000002"], [1563635252.005, "0.002098460000000002"], [1563635253.005, "0.0016732123999999796"], [1563635254.005, "0.0016732123999999794"], [1563635255.005, "0.0016732123999999794"], [1563635256.005, "0.0016732123999999794"], [1563635257.005, "0.0016732123999999794"], [1563635258.005, "0.004129752599999993"], [1563635259.005, "0.004129752599999992"], [1563635260.005, "0.004129752599999992"], [1563635261.005, "0.004129752599999992"], [1563635262.005, "0.004129752599999992"], [1563635263.005, "0.0008692646000000084"], [1563635264.005, "0.0008692646000000081"], [1563635265.005, "0.0008692646000000081"], [1563635266.005, "0.0008692646000000081"], [1563635267.005, "0.0008692646000000081"], [1563635268.005, "0.001452492200000011"], [1563635269.005, "0.0014524922000000106"], [1563635270.005, "0.0014524922000000106"], [1563635271.005, "0.0014524922000000106"], [1563635272.005, "0.0014524922000000106"]], "mem_values": [[1563635223.005, "0"], [1563635224.005, "0"], [1563635225.005, "0"], [1563635226.005, "0"], [1563635227.005, "0"], [1563635228.005, "10773352.038399998"], [1563635229.005, "12372184.6784"], [1563635230.005, "13971017.3184"], [1563635231.005, "15568954.163200002"], [1563635232.005, "15988326.400000002"], [1563635233.005, "7264355.5328"], [1563635234.005, "8365278.4128"], [1563635235.005, "9466201.2928"], [1563635236.005, "10567124.1728"], [1563635237.005, "11009228.8"], [1563635238.005, "137625.60000000003"], [1563635239.005, "137625.6"], [1563635240.005, "137625.6"], [1563635241.005, "137625.6"], [1563635242.005, "137625.6"], [1563635243.005, "7194214.400000001"], [1563635244.005, "7194214.399999999"], [1563635245.005, "7194214.399999999"], [1563635246.005, "7194214.399999999"], [1563635247.005, "7194214.399999999"], [1563635248.005, "819.2000000000002"], [1563635249.005, "819.2"], [1563635250.005, "819.2"], [1563635251.005, "819.2"], [1563635252.005, "819.2"], [1563635253.005, "0"], [1563635254.005, "0"], [1563635255.005, "0"], [1563635256.005, "0"], [1563635257.005, "0"], [1563635258.005, "1638.4000000000003"], [1563635259.005, "1638.4"], [1563635260.005, "1638.4"], [1563635261.005, "1638.4"], [1563635262.005, "1638.4"], [1563635263.005, "0"], [1563635264.005, "0"], [1563635265.005, "0"], [1563635266.005, "0"], [1563635267.005, "0"], [1563635268.005, "0"], [1563635269.005, "0"], [1563635270.005, "0"], [1563635271.005, "0"], [1563635272.005, "0"]]}, {"qps": 100, "avg_cpu": 0.11526397285021027, "req_lost": 0.005892196133117089, "avg_mem": 2036582.7294606653, "cpu_values": [[1563635332.321, "0"], [1563635333.321, "0"], [1563635334.321, "0"], [1563635335.321, "0"], [1563635336.321, "0"], [1563635337.321, "0"], [1563635338.321, "0.000019927999999991282"], [1563635339.321, "0.000019927999999991285"], [1563635340.321, "0.000019927999999991285"], [1563635341.321, "0.000019927999999991285"], [1563635342.321, "0.000019927999999991285"], [1563635343.321, "0.11348460739999999"], [1563635344.321, "0.11348460740000002"], [1563635345.321, "0.11348460740000002"], [1563635346.321, "0.11348460740000002"], [1563635347.321, "0.11348460740000002"], [1563635348.321, "0.09603527519999996"], [1563635349.321, "0.09603527519999999"], [1563635350.321, "0.09603527519999999"], [1563635351.321, "0.09603527519999999"], [1563635352.321, "0.09603527519999999"], [1563635353.321, "0.13799641759999998"], [1563635354.321, "0.1379964176"], [1563635355.321, "0.1379964176"], [1563635356.321, "0.1379964176"], [1563635357.321, "0.1379964176"], [1563635358.321, "0.2084811371725655"], [1563635359.321, "0.2084811371725655"], [1563635360.321, "0.2084811371725655"], [1563635361.321, "0.2084811371725655"], [1563635362.321, "0.2084811371725655"], [1563635363.321, "0"], [1563635364.321, "0"], [1563635365.321, "0"], [1563635366.321, "0"], [1563635367.321, "0"], [1563635368.321, "0.46471480539999993"], [1563635369.321, "0.4647148054"], [1563635370.321, "0.4647148054"], [1563635371.321, "0.4647148054"], [1563635372.321, "0.4647148054"], [1563635373.321, "0"], [1563635374.321, "0"], [1563635375.321, "0"], [1563635376.321, "0"], [1563635377.321, "0"], [1563635378.321, "0"], [1563635379.321, "0"], [1563635380.321, "0"], [1563635381.321, "0"], [1563635382.321, "0"], [1563635383.321, "0.24583352899999994"], [1563635384.321, "0.24583352900000002"], [1563635385.321, "0.24583352900000002"], [1563635386.321, "0.24583352900000002"], [1563635387.321, "0.24583352900000002"], [1563635388.321, "0.1396547689999999"], [1563635389.321, "0.13965476899999993"], [1563635390.321, "0.13965476899999993"], [1563635391.321, "0.13965476899999993"], [1563635392.321, "0.13965476899999993"]], "mem_values": [[1563635332.321, "0"], [1563635333.321, "0"], [1563635334.321, "0"], [1563635335.321, "0"], [1563635336.321, "0"], [1563635337.321, "0"], [1563635338.321, "7117209.599999999"], [1563635339.321, "7117209.6"], [1563635340.321, "7117209.6"], [1563635341.321, "7117209.6"], [1563635342.321, "7117209.6"], [1563635343.321, "940441.5999999999"], [1563635344.321, "940441.6"], [1563635345.321, "940441.6"], [1563635346.321, "940441.6"], [1563635347.321, "940441.6"], [1563635348.321, "497254.3999999999"], [1563635349.321, "497254.4"], [1563635350.321, "497254.4"], [1563635351.321, "497254.4"], [1563635352.321, "497254.4"], [1563635353.321, "557055.9999999999"], [1563635354.321, "557056"], [1563635355.321, "557056"], [1563635356.321, "557056"], [1563635357.321, "557056"], [1563635358.321, "133502.89942011598"], [1563635359.321, "133502.89942011598"], [1563635360.321, "133502.89942011598"], [1563635361.321, "133502.89942011598"], [1563635362.321, "133502.89942011598"], [1563635363.321, "0"], [1563635364.321, "0"], [1563635365.321, "0"], [1563635366.321, "0"], [1563635367.321, "0"], [1563635368.321, "7780761.599999999"], [1563635369.321, "7780761.6"], [1563635370.321, "7780761.6"], [1563635371.321, "7780761.6"], [1563635372.321, "7780761.6"], [1563635373.321, "0"], [1563635374.321, "0"], [1563635375.321, "0"], [1563635376.321, "0"], [1563635377.321, "0"], [1563635378.321, "0"], [1563635379.321, "0"], [1563635380.321, "0"], [1563635381.321, "0"], [1563635382.321, "0"], [1563635383.321, "7713587.199999998"], [1563635384.321, "7713587.2"], [1563635385.321, "7713587.2"], [1563635386.321, "7713587.2"], [1563635387.321, "7713587.2"], [1563635388.321, "106495.99999999997"], [1563635389.321, "106496"], [1563635390.321, "106496"], [1563635391.321, "106496"], [1563635392.321, "106496"]]}, {"qps": 200, "avg_cpu": 0.18548327160235842, "req_lost": 0.005302903777204548, "avg_mem": 2106734.902938389,