{"pod": 2, "cpu": "1", "values": [{"qps": 1, "avg_cpu": 0.026733023275146674, "req_lost": 0.015630772478991695, "avg_mem": 829846.9360829629, "cpu_values": [[1563620778.406, "0"], [1563620779.406, "0"], [1563620780.406, "0"], [1563620781.406, "0"], [1563620782.406, "0"], [1563620783.406, "0"], [1563620784.406, "0"], [1563620785.406, "0"], [1563620786.406, "0"], [1563620787.406, "0"], [1563620788.406, "0.22006941599448"], [1563620789.406, "0.25320695267448"], [1563620790.406, "0.28634448935448"], [1563620791.406, "0.31948202603447995"], [1563620792.406, "0.33137536679999996"], [1563620793.406, "0"], [1563620794.406, "0"], [1563620795.406, "0"], [1563620796.406, "0"], [1563620797.406, "0"], [1563620798.406, "0"], [1563620799.406, "0"], [1563620800.406, "0"], [1563620801.406, "0"], [1563620802.406, "0"], [1563620803.406, "0.0026943714000000397"], [1563620804.406, "0.0026943714000000397"], [1563620805.406, "0.0026943714000000397"], [1563620806.406, "0.0026943714000000397"], [1563620807.406, "0.0026943714000000397"], [1563620808.406, "0"], [1563620809.406, "0"], [1563620810.406, "0"], [1563620811.406, "0"], [1563620812.406, "0"], [1563620813.406, "0.0007282636000000009"], [1563620814.406, "0.0007282636000000009"], [1563620815.406, "0.0007282636000000009"], [1563620816.406, "0.0007282636000000009"], [1563620817.406, "0.0007282636000000009"], [1563620818.406, "0.0031983662000000025"], [1563620819.406, "0.0031983662000000025"], [1563620820.406, "0.0031983662000000025"], [1563620821.406, "0.0031983662000000025"], [1563620822.406, "0.0031983662000000025"], [1563620823.406, "0"], [1563620824.406, "0"], [1563620825.406, "0"], [1563620826.406, "0"], [1563620827.406, "0"], [1563620828.406, "0"], [1563620829.406, "0"], [1563620830.406, "0"], [1563620831.406, "0"]], "mem_values": [[1563620778.406, "0"], [1563620779.406, "0"], [1563620780.406, "0"], [1563620781.406, "0"], [1563620782.406, "0"], [1563620783.406, "0"], [1563620784.406, "0"], [1563620785.406, "0"], [1563620786.406, "0"], [1563620787.406, "0"], [1563620788.406, "7664763.53536"], [1563620789.406, "8617329.295359999"], [1563620790.406, "9470134.51776"], [1563620791.406, "9525657.6"], [1563620792.406, "9525657.6"], [1563620793.406, "0"], [1563620794.406, "0"], [1563620795.406, "0"], [1563620796.406, "0"], [1563620797.406, "0"], [1563620798.406, "0"], [1563620799.406, "0"], [1563620800.406, "0"], [1563620801.406, "0"], [1563620802.406, "0"], [1563620803.406, "819.2"], [1563620804.406, "819.2"], [1563620805.406, "819.2"], [1563620806.406, "819.2"], [1563620807.406, "819.2"], [1563620808.406, "0"], [1563620809.406, "0"], [1563620810.406, "0"], [1563620811.406, "0"], [1563620812.406, "0"], [1563620813.406, "0"], [1563620814.406, "0"], [1563620815.406, "0"], [1563620816.406, "0"], [1563620817.406, "0"], [1563620818.406, "819.2"], [1563620819.406, "819.2"], [1563620820.406, "819.2"], [1563620821.406, "819.2"], [1563620822.406, "819.2"], [1563620823.406, "0"], [1563620824.406, "0"], [1563620825.406, "0"], [1563620826.406, "0"], [1563620827.406, "0"], [1563620828.406, "0"], [1563620829.406, "0"], [1563620830.406, "0"], [1563620831.406, "0"]]}]}