{"pod": 3, "cpu": "1", "values": [{"qps": 1, "avg_cpu": 0.0444688121354717, "req_lost": 0.016275898734263716, "avg_mem": 2708629.3417056603, "cpu_values": [[1563625608.304, "0"], [1563625609.304, "0"], [1563625610.304, "0"], [1563625611.304, "0"], [1563625612.304, "0"], [1563625613.304, "0"], [1563625614.304, "0"], [1563625615.304, "0"], [1563625616.304, "0"], [1563625617.304, "0"], [1563625618.304, "0"], [1563625619.304, "0"], [1563625620.304, "0"], [1563625621.304, "0"], [1563625622.304, "0"], [1563625623.304, "0.34512994143599995"], [1563625624.304, "0.403550945436"], [1563625625.304, "0.46197194943599995"], [1563625626.304, "0.520392953436"], [1563625627.304, "0.5788139574360001"], [1563625628.304, "0"], [1563625629.304, "0"], [1563625630.304, "0"], [1563625631.304, "0"], [1563625632.304, "0"], [1563625633.304, "0.00196434179999998"], [1563625634.304, "0.00196434179999998"], [1563625635.304, "0.00196434179999998"], [1563625636.304, "0.00196434179999998"], [1563625637.304, "0.00196434179999998"], [1563625638.304, "0.003944597799999982"], [1563625639.304, "0.003944597799999982"], [1563625640.304, "0.003944597799999982"], [1563625641.304, "0.003944597799999982"], [1563625642.304, "0.003944597799999982"], [1563625643.304, "0"], [1563625644.304, "0"], [1563625645.304, "0"], [1563625646.304, "0"], [1563625647.304, "0"], [1563625648.304, "0.0024277694000000016"], [1563625649.304, "0.0024277694000000016"], [1563625650.304, "0.0024277694000000016"], [1563625651.304, "0.0024277694000000016"], [1563625652.304, "0.0024277694000000016"], [1563625653.304, "0.0010607502000000047"], [1563625654.304, "0.0010607502000000047"], [1563625655.304, "0.0010607502000000047"], [1563625656.304, "0.0010607502000000047"], [1563625657.304, "0.0010607502000000047"], [1563625658.304, "0"], [1563625659.304, "0"], [1563625660.304, "0"]], "mem_values": [[1563625608.304, "0"], [1563625609.304, "0"], [1563625610.304, "0"], [1563625611.304, "0"], [1563625612.304, "0"], [1563625613.304, "0"], [1563625614.304, "0"], [1563625615.304, "0"], [1563625616.304, "0"], [1563625617.304, "0"], [1563625618.304, "0"], [1563625619.304, "0"], [1563625620.304, "0"], [1563625621.304, "0"], [1563625622.304, "0"], [1563625623.304, "11436833.1776"], [1563625624.304, "13140359.5776"], [1563625625.304, "14843885.9776"], [1563625626.304, "16547412.3776"], [1563625627.304, "17035264"], [1563625628.304, "0"], [1563625629.304, "0"], [1563625630.304, "0"], [1563625631.304, "0"], [1563625632.304, "0"], [1563625633.304, "819.2"], [1563625634.304, "819.2"], [1563625635.304, "819.2"], [1563625636.304, "819.2"], [1563625637.304, "819.2"], [1563625638.304, "1638.4"], [1563625639.304, "1638.4"], [1563625640.304, "1638.4"], [1563625641.304, "1638.4"], [1563625642.304, "1638.4"], [1563625643.304, "0"], [1563625644.304, "0"], [1563625645.304, "0"], [1563625646.304, "0"], [1563625647.304, "0"], [1563625648.304, "7050035.2"], [1563625649.304, "7050035.2"], [1563625650.304, "7050035.2"], [1563625651.304, "7050035.2"], [1563625652.304, "7050035.2"], [1563625653.304, "7058227.2"], [1563625654.304, "7058227.2"], [1563625655.304, "7058227.2"], [1563625656.304, "7058227.2"], [1563625657.304, "7058227.2"], [1563625658.304, "0"], [1563625659.304, "0"], [1563625660.304, "0"]]}]}