{"pod": 7, "cpu": "1", "values": [{"qps": 1, "avg_cpu": 0.09844776257536904, "req_lost": 0.012923054730717976, "avg_mem": 3820762.0441383934, "cpu_values": [[1563644883.611, "0"], [1563644884.611, "0"], [1563644885.611, "0"], [1563644886.611, "0"], [1563644887.611, "0"], [1563644888.611, "0.21623376943274003"], [1563644889.611, "0.23204211157274002"], [1563644890.611, "0.24785045371274006"], [1563644891.611, "0.26365879585274005"], [1563644892.611, "0.2750632296"], [1563644893.611, "0.58694627588222"], [1563644894.611, "0.67552442630222"], [1563644895.611, "0.75905408454332"], [1563644896.611, "0.83360959706332"], [1563644897.611, "0.8857815042000001"], [1563644898.611, "0"], [1563644899.611, "0"], [1563644900.611, "0"], [1563644901.611, "0"], [1563644902.611, "0"], [1563644903.611, "0.0027200851999999555"], [1563644904.611, "0.0027200851999999555"], [1563644905.611, "0.0027200851999999555"], [1563644906.611, "0.0027200851999999555"], [1563644907.611, "0.0027200851999999555"], [1563644908.611, "0.015704003600000037"], [1563644909.611, "0.015704003600000037"], [1563644910.611, "0.015704003600000037"], [1563644911.611, "0.015704003600000037"], [1563644912.611, "0.015704003600000037"], [1563644913.611, "0.003937890600000005"], [1563644914.611, "0.003937890600000005"], [1563644915.611, "0.003937890600000005"], [1563644916.611, "0.003937890600000005"], [1563644917.611, "0.003937890600000005"], [1563644918.611, "0.002692679600000014"], [1563644919.611, "0.002692679600000014"], [1563644920.611, "0.002692679600000014"], [1563644921.611, "0.002692679600000014"], [1563644922.611, "0.002692679600000014"], [1563644923.611, "0.0032822649999999726"], [1563644924.611, "0.0032822649999999726"], [1563644925.611, "0.0032822649999999726"], [1563644926.611, "0.0032822649999999726"], [1563644927.611, "0.0032822649999999726"], [1563644928.611, "0"], [1563644929.611, "0"], [1563644930.611, "0"], [1563644931.611, "0"], [1563644932.611, "0"], [1563644933.611, "0.0009173928785757115"], [1563644934.611, "0.0009173928785757115"]], "mem_values": [[1563644883.611, "0"], [1563644884.611, "0"], [1563644885.611, "0"], [1563644886.611, "0"], [1563644887.611, "0"], [1563644888.611, "5481722.347519999"], [1563644889.611, "6048281.06752"], [1563644890.611, "6614839.787520001"], [1563644891.611, "7181398.5075199995"], [1563644892.611, "7238451.2"], [1563644893.611, "19424469.64736"], [1563644894.611, "21583562.997759998"], [1563644895.611, "23705946.35776"], [1563644896.611, "25057689.6"], [1563644897.611, "25057689.6"], [1563644898.611, "0"], [1563644899.611, "0"], [1563644900.611, "0"], [1563644901.611, "0"], [1563644902.611, "0"], [1563644903.611, "131891.2"], [1563644904.611, "131891.2"], [1563644905.611, "131891.2"], [1563644906.611, "131891.2"], [1563644907.611, "131891.2"], [1563644908.611, "174489.6"], [1563644909.611, "174489.6"], [1563644910.611, "174489.6"], [1563644911.611, "174489.6"], [1563644912.611, "174489.6"], [1563644913.611, "7077068.800000001"], [1563644914.611, "7077068.800000001"], [1563644915.611, "7077068.800000001"], [1563644916.611, "7077068.800000001"], [1563644917.611, "7077068.800000001"], [1563644918.611, "26214.4"], [1563644919.611, "26214.4"], [1563644920.611, "26214.4"], [1563644921.611, "26214.4"], [1563644922.611, "26214.4"], [1563644923.611, "11468.8"], [1563644924.611, "11468.8"], [1563644925.611, "11468.8"], [1563644926.611, "11468.8"], [1563644927.611, "11468.8"], [1563644928.611, "0"], [1563644929.611, "0"], [1563644930.611, "0"], [1563644931.611, "0"], [1563644932.611, "0"], [1563644933.611, "7089955.591118224"], [1563644934.611, "7089955.591118224"]]}]}