{"pod": 6, "cpu": "1", "values": [{"qps": 1, "avg_cpu": 0.095628868272212, "req_lost": 0.013473466555213864, "avg_mem": 2916569.7522850544, "cpu_values": [[1563640043.562, "0"], [1563640044.562, "0"], [1563640045.562, "0"], [1563640046.562, "0"], [1563640047.562, "0"], [1563640048.562, "0"], [1563640049.562, "0"], [1563640050.562, "0"], [1563640051.562, "0"], [1563640052.562, "0"], [1563640053.562, "0.7193409239277999"], [1563640054.562, "0.8335687548277999"], [1563640055.562, "0.9477965857277999"], [1563640056.562, "1.0620244166278"], [1563640057.562, "1.142278309"], [1563640058.562, "0"], [1563640059.562, "0"], [1563640060.562, "0"], [1563640061.562, "0"], [1563640062.562, "0"], [1563640063.562, "0.004838307800000052"], [1563640064.562, "0.004838307800000052"], [1563640065.562, "0.004838307800000052"], [1563640066.562, "0.004838307800000052"], [1563640067.562, "0.004838307800000052"], [1563640068.562, "0.002273892799999988"], [1563640069.562, "0.002273892799999988"], [1563640070.562, "0.002273892799999988"], [1563640071.562, "0.002273892799999988"], [1563640072.562, "0.002273892799999988"], [1563640073.562, "0"], [1563640074.562, "0"], [1563640075.562, "0"], [1563640076.562, "0"], [1563640077.562, "0"], [1563640078.562, "0.0015190683999999788"], [1563640079.562, "0.0015190683999999788"], [1563640080.562, "0.0015190683999999788"], [1563640081.562, "0.0015190683999999788"], [1563640082.562, "0.0015190683999999788"], [1563640083.562, "0.002148365399999985"], [1563640084.562, "0.002148365399999985"], [1563640085.562, "0.002148365399999985"], [1563640086.562, "0.002148365399999985"], [1563640087.562, "0.002148365399999985"], [1563640088.562, "0.00450725029988006"], [1563640089.562, "0.00450725029988006"], [1563640090.562, "0.00450725029988006"], [1563640091.562, "0.00450725029988006"], [1563640092.562, "0.00450725029988006"]], "mem_values": [[1563640043.562, "0"], [1563640044.562, "0"], [1563640045.562, "0"], [1563640046.562, "0"], [1563640047.562, "0"], [1563640048.562, "0"], [1563640049.562, "0"], [1563640050.562, "0"], [1563640051.562, "0"], [1563640052.562, "0"], [1563640053.562, "23374934.67136"], [1563640054.562, "26582020.75136"], [1563640055.562, "29789106.831359997"], [1563640056.562, "31906516.992"], [1563640057.562, "32070860.799999997"], [1563640058.562, "0"], [1563640059.562, "0"], [1563640060.562, "0"], [1563640061.562, "0"], [1563640062.562, "0"], [1563640063.562, "135168"], [1563640064.562, "135168"], [1563640065.562, "135168"], [1563640066.562, "135168"], [1563640067.562, "135168"], [1563640068.562, "135987.19999999998"], [1563640069.562, "135987.19999999998"], [1563640070.562, "135987.19999999998"], [1563640071.562, "135987.19999999998"], [1563640072.562, "135987.19999999998"], [1563640073.562, "0"], [1563640074.562, "0"], [1563640075.562, "0"], [1563640076.562, "0"], [1563640077.562, "0"], [1563640078.562, "819.2"], [1563640079.562, "819.2"], [1563640080.562, "819.2"], [1563640081.562, "819.2"], [1563640082.562, "819.2"], [1563640083.562, "819.2"], [1563640084.562, "819.2"], [1563640085.562, "819.2"], [1563640086.562, "819.2"], [1563640087.562, "819.2"], [1563640088.562, "148215.91363454616"], [1563640089.562, "148215.91363454616"], [1563640090.562, "148215.91363454616"], [1563640091.562, "148215.91363454616"], [1563640092.562, "148215.91363454616"]]}]}