{"pod": 4, "cpu": "1", "values": [{"qps": 1, "avg_cpu": 0.06076421226820094, "req_lost": 0.01271980685930707, "avg_mem": 3214486.4402567553, "cpu_values": [[1563630428.45, "0"], [1563630429.45, "0"], [1563630430.45, "0"], [1563630431.45, "0"], [1563630432.45, "0"], [1563630433.45, "0"], [1563630434.45, "0"], [1563630435.45, "0"], [1563630436.45, "0"], [1563630437.45, "0"], [1563630438.45, "0.3602449804368"], [1563630439.45, "0.4193868477968"], [1563630440.45, "0.4785287151568"], [1563630441.45, "0.5376705825168"], [1563630442.45, "0.5914186736"], [1563630443.45, "0.11544610457740001"], [1563630444.45, "0.13459820755739998"], [1563630445.45, "0.15375031053740001"], [1563630446.45, "0.17290241351740004"], [1563630447.45, "0.19152102980000002"], [1563630448.45, "0.0010154356000000144"], [1563630449.45, "0.0010154356000000142"], [1563630450.45, "0.0010154356000000142"], [1563630451.45, "0.0010154356000000142"], [1563630452.45, "0.0010154356000000142"], [1563630453.45, "0.003918977209116367"], [1563630454.45, "0.003918977209116367"], [1563630455.45, "0.003918977209116367"], [1563630456.45, "0.003918977209116367"], [1563630457.45, "0.003918977209116367"], [1563630458.45, "0.001602336134453757"], [1563630459.45, "0.0016023361344537565"], [1563630460.45, "0.0016023361344537565"], [1563630461.45, "0.0016023361344537565"], [1563630462.45, "0.0016023361344537565"], [1563630463.45, "0.0011313946000000021"], [1563630464.45, "0.001131394600000002"], [1563630465.45, "0.001131394600000002"], [1563630466.45, "0.001131394600000002"], [1563630467.45, "0.001131394600000002"], [1563630468.45, "0.002811583599999957"], [1563630469.45, "0.0028115835999999563"], [1563630470.45, "0.0028115835999999563"], [1563630471.45, "0.0028115835999999563"], [1563630472.45, "0.0028115835999999563"], [1563630473.45, "0.001452002800000019"], [1563630474.45, "0.0014520028000000185"], [1563630475.45, "0.0014520028000000185"], [1563630476.45, "0.0014520028000000185"], [1563630477.45, "0.0014520028000000185"], [1563630478.45, "0.0017922449999999927"], [1563630479.45, "0.0017922449999999922"], [1563630480.45, "0.0017922449999999922"]], "mem_values": [[1563630428.45, "0"], [1563630429.45, "0"], [1563630430.45, "0"], [1563630431.45, "0"], [1563630432.45, "0"], [1563630433.45, "0"], [1563630434.45, "0"], [1563630435.45, "0"], [1563630436.45, "0"], [1563630437.45, "0"], [1563630438.45, "11669634.252799999"], [1563630439.45, "13323844.812800001"], [1563630440.45, "14978055.3728"], [1563630441.45, "16537787.5968"], [1563630442.45, "16542105.6"], [1563630443.45, "3887094.1695999997"], [1563630444.45, "4458568.0896000005"], [1563630445.45, "5030042.0095999995"], [1563630446.45, "5601515.929599999"], [1563630447.45, "5714739.2"], [1563630448.45, "7150796.800000002"], [1563630449.45, "7150796.8"], [1563630450.45, "7150796.8"], [1563630451.45, "7150796.8"], [1563630452.45, "7150796.8"], [1563630453.45, "7138930.027988804"], [1563630454.45, "7138930.027988804"], [1563630455.45, "7138930.027988804"], [1563630456.45, "7138930.027988804"], [1563630457.45, "7138930.027988804"], [1563630458.45, "104080.03201280514"], [1563630459.45, "104080.03201280511"], [1563630460.45, "104080.03201280511"], [1563630461.45, "104080.03201280511"], [1563630462.45, "104080.03201280511"], [1563630463.45, "819.2000000000002"], [1563630464.45, "819.2"], [1563630465.45, "819.2"], [1563630466.45, "819.2"], [1563630467.45, "819.2"], [1563630468.45, "127795.20000000001"], [1563630469.45, "127795.2"], [1563630470.45, "127795.2"], [1563630471.45, "127795.2"], [1563630472.45, "127795.2"], [1563630473.45, "2457.600000000001"], [1563630474.45, "2457.6"], [1563630475.45, "2457.6"], [1563630476.45, "2457.6"], [1563630477.45, "2457.6"], [1563630478.45, "0"], [1563630479.45, "0"], [1563630480.45, "0"]]}]}