{"pod": 7, "cpu": "1", "values": [{"qps": 5000, "avg_cpu": 2.614906056823878, "req_lost": 0.0036365560831308485, "avg_mem": 4909446.163649629, "cpu_values": [[1563615028.494, "0"], [1563615029.494, "0"], [1563615030.494, "0"], [1563615031.494, "0"], [1563615032.494, "0"], [1563615033.494, "0"], [1563615034.494, "0"], [1563615035.494, "0"], [1563615036.494, "0"], [1563615037.494, "0"], [1563615038.494, "3.684920479212991"], [1563615039.494, "4.321562066561068"], [1563615040.494, "4.948340868421279"], [1563615041.494, "5.572764676271449"], [1563615042.494, "6.197188484121618"], [1563615043.494, "2.4606358177018475"], [1563615044.494, "2.893084477348504"], [1563615045.494, "3.3255331369951615"], [1563615046.494, "3.757981796641819"], [1563615047.494, "4.190430456288476"], [1563615048.494, "1.2128962668"], [1563615049.494, "1.2128962668"], [1563615050.494, "1.2128962668"], [1563615051.494, "1.2128962668"], [1563615052.494, "1.2128962668"], [1563615053.494, "2.8383200227999996"], [1563615054.494, "2.8383200227999996"], [1563615055.494, "2.8383200227999996"], [1563615056.494, "2.8383200227999996"], [1563615057.494, "2.8383200227999996"], [1563615058.494, "6.715017333620719"], [1563615059.494, "6.900280374199999"], [1563615060.494, "6.900280374199999"], [1563615061.494, "6.900280374199999"], [1563615062.494, "6.900280374199999"], [1563615063.494, "0"], [1563615064.494, "0"], [1563615065.494, "0"], [1563615066.494, "0"], [1563615067.494, "0"], [1563615068.494, "5.795468671399999"], [1563615069.494, "5.795468671399999"], [1563615070.494, "5.795468671399999"], [1563615071.494, "5.795468671399999"], [1563615072.494, "5.795468671399999"], [1563615073.494, "3.9730791811999997"], [1563615074.494, "3.9730791811999997"], [1563615075.494, "3.9730791811999997"], [1563615076.494, "3.9730791811999997"], [1563615077.494, "3.9730791811999997"], [1563615078.494, "0"], [1563615079.494, "0"], [1563615080.494, "0"], [1563615081.494, "0"], [1563615082.494, "0"], [1563615083.494, "2.2990498316"], [1563615084.494, "2.2990498316"], [1563615085.494, "2.2990498316"]], "mem_values": [[1563615028.494, "0"], [1563615029.494, "0"], [1563615030.494, "0"], [1563615031.494, "0"], [1563615032.494, "0"], [1563615033.494, "0"], [1563615034.494, "0"], [1563615035.494, "0"], [1563615036.494, "0"], [1563615037.494, "0"], [1563615038.494, "21799659.05686392"], [1563615039.494, "24673306.237577207"], [1563615040.494, "27546953.418290496"], [1563615041.494, "30420600.599003784"], [1563615042.494, "31268010.36062961"], [1563615043.494, "10598636.418389883"], [1563615044.494, "12191808.5524995"], [1563615045.494, "13784980.686609115"], [1563615046.494, "15378152.820718732"], [1563615047.494, "15931721.341096168"], [1563615048.494, "310476.8"], [1563615049.494, "310476.8"], [1563615050.494, "310476.8"], [1563615051.494, "310476.8"], [1563615052.494, "310476.8"], [1563615053.494, "959283.2"], [1563615054.494, "959283.2"], [1563615055.494, "959283.2"], [1563615056.494, "959283.2"], [1563615057.494, "959283.2"], [1563615058.494, "1874329.5999999999"], [1563615059.494, "1874329.5999999999"], [1563615060.494, "1874329.5999999999"], [1563615061.494, "1874329.5999999999"], [1563615062.494, "1874329.5999999999"], [1563615063.494, "0"], [1563615064.494, "0"], [1563615065.494, "0"], [1563615066.494, "0"], [1563615067.494, "0"], [1563615068.494, "11725209.6"], [1563615069.494, "11725209.6"], [1563615070.494, "11725209.6"], [1563615071.494, "11725209.6"], [1563615072.494, "11725209.6"], [1563615073.494, "528384"], [1563615074.494, "528384"], [1563615075.494, "528384"], [1563615076.494, "528384"], [1563615077.494, "528384"], [1563615078.494, "0"], [1563615079.494, "0"], [1563615080.494, "0"], [1563615081.494, "0"], [1563615082.494, "0"], [1563615083.494, "1388544"], [1563615084.494, "1388544"], [1563615085.494, "1388544"]]}]}