{"pod": 1, "cpu": "1", "values": [{"qps": 1, "avg_cpu": 0.015027089147920001, "req_lost": 0.027213422637528684, "avg_mem": 504858.8566528, "cpu_values": [[1563615518.434, "0"], [1563615519.434, "0"], [1563615520.434, "0"], [1563615521.434, "0"], [1563615522.434, "0"], [1563615523.434, "0"], [1563615524.434, "0"], [1563615525.434, "0"], [1563615526.434, "0"], [1563615527.434, "0"], [1563615528.434, "0.107682799099"], [1563615529.434, "0.12550872759899998"], [1563615530.434, "0.14333465609899998"], [1563615531.434, "0.161160584599"], [1563615532.434, "0.178259285"], [1563615533.434, "0"], [1563615534.434, "0"], [1563615535.434, "0"], [1563615536.434, "0"], [1563615537.434, "0"], [1563615538.434, "0"], [1563615539.434, "0"], [1563615540.434, "0"], [1563615541.434, "0"], [1563615542.434, "0"], [1563615543.434, "0.0026155300000000104"], [1563615544.434, "0.0026155300000000104"], [1563615545.434, "0.0026155300000000104"], [1563615546.434, "0.0026155300000000104"], [1563615547.434, "0.0026155300000000104"], [1563615548.434, "0"], [1563615549.434, "0"], [1563615550.434, "0"], [1563615551.434, "0"], [1563615552.434, "0"], [1563615553.434, "0"], [1563615554.434, "0"], [1563615555.434, "0"], [1563615556.434, "0"], [1563615557.434, "0"], [1563615558.434, "0"], [1563615559.434, "0"], [1563615560.434, "0"], [1563615561.434, "0"], [1563615562.434, "0"], [1563615563.434, "0.004466150999999985"], [1563615564.434, "0.004466150999999985"], [1563615565.434, "0.004466150999999985"], [1563615566.434, "0.004466150999999985"], [1563615567.434, "0.004466150999999985"]], "mem_values": [[1563615518.434, "0"], [1563615519.434, "0"], [1563615520.434, "0"], [1563615521.434, "0"], [1563615522.434, "0"], [1563615523.434, "0"], [1563615524.434, "0"], [1563615525.434, "0"], [1563615526.434, "0"], [1563615527.434, "0"], [1563615528.434, "3909209.948159999"], [1563615529.434, "4468887.38816"], [1563615530.434, "5028564.82816"], [1563615531.434, "5588242.2681599995"], [1563615532.434, "5596774.4"], [1563615533.434, "0"], [1563615534.434, "0"], [1563615535.434, "0"], [1563615536.434, "0"], [1563615537.434, "0"], [1563615538.434, "0"], [1563615539.434, "0"], [1563615540.434, "0"], [1563615541.434, "0"], [1563615542.434, "0"], [1563615543.434, "13107.2"], [1563615544.434, "13107.2"], [1563615545.434, "13107.2"], [1563615546.434, "13107.2"], [1563615547.434, "13107.2"], [1563615548.434, "0"], [1563615549.434, "0"], [1563615550.434, "0"], [1563615551.434, "0"], [1563615552.434, "0"], [1563615553.434, "0"], [1563615554.434, "0"], [1563615555.434, "0"], [1563615556.434, "0"], [1563615557.434, "0"], [1563615558.434, "0"], [1563615559.434, "0"], [1563615560.434, "0"], [1563615561.434, "0"], [1563615562.434, "0"], [1563615563.434, "117145.6"], [1563615564.434, "117145.6"], [1563615565.434, "117145.6"], [1563615566.434, "117145.6"], [1563615567.434, "117145.6"]]}]}