{"pod": 6, "cpu": "1", "values": [{"qps": 1, "avg_cpu": 0.095628868272212, "req_lost": 0.013473466555213864, "avg_mem": 2916569.7522850544, "cpu_values": [[1563640043.562, "0"], [1563640044.562, "0"], [1563640045.562, "0"], [1563640046.562, "0"], [1563640047.562, "0"], [1563640048.562, "0"], [1563640049.562, "0"], [1563640050.562, "0"], [1563640051.562, "0"], [1563640052.562, "0"], [1563640053.562, "0.7193409239277999"], [1563640054.562, "0.8335687548277999"], [1563640055.562, "0.9477965857277999"], [1563640056.562, "1.0620244166278"], [1563640057.562, "1.142278309"], [1563640058.562, "0"], [1563640059.562, "0"], [1563640060.562, "0"], [1563640061.562, "0"], [1563640062.562, "0"], [1563640063.562, "0.004838307800000052"], [1563640064.562, "0.004838307800000052"], [1563640065.562, "0.004838307800000052"], [1563640066.562, "0.004838307800000052"], [1563640067.562, "0.004838307800000052"], [1563640068.562, "0.002273892799999988"], [1563640069.562, "0.002273892799999988"], [1563640070.562, "0.002273892799999988"], [1563640071.562, "0.002273892799999988"], [1563640072.562, "0.002273892799999988"], [1563640073.562, "0"], [1563640074.562, "0"], [1563640075.562, "0"], [1563640076.562, "0"], [1563640077.562, "0"], [1563640078.562, "0.0015190683999999788"], [1563640079.562, "0.0015190683999999788"], [1563640080.562, "0.0015190683999999788"], [1563640081.562, "0.0015190683999999788"], [1563640082.562, "0.0015190683999999788"], [1563640083.562, "0.002148365399999985"], [1563640084.562, "0.002148365399999985"], [1563640085.562, "0.002148365399999985"], [1563640086.562, "0.002148365399999985"], [1563640087.562, "0.002148365399999985"], [1563640088.562, "0.00450725029988006"], [1563640089.562, "0.00450725029988006"], [1563640090.562, "0.00450725029988006"], [1563640091.562, "0.00450725029988006"], [1563640092.562, "0.00450725029988006"]], "mem_values": [[1563640043.562, "0"], [1563640044.562, "0"], [1563640045.562, "0"], [1563640046.562, "0"], [1563640047.562, "0"], [1563640048.562, "0"], [1563640049.562, "0"], [1563640050.562, "0"], [1563640051.562, "0"], [1563640052.562, "0"], [1563640053.562, "23374934.67136"], [1563640054.562, "26582020.75136"], [1563640055.562, "29789106.831359997"], [1563640056.562, "31906516.992"], [1563640057.562, "32070860.799999997"], [1563640058.562, "0"], [1563640059.562, "0"], [1563640060.562, "0"], [1563640061.562, "0"], [1563640062.562, "0"], [1563640063.562, "135168"], [1563640064.562, "135168"], [1563640065.562, "135168"], [1563640066.562, "135168"], [1563640067.562, "135168"], [1563640068.562, "135987.19999999998"], [1563640069.562, "135987.19999999998"], [1563640070.562, "135987.19999999998"], [1563640071.562, "135987.19999999998"], [1563640072.562, "135987.19999999998"], [1563640073.562, "0"], [1563640074.562, "0"], [1563640075.562, "0"], [1563640076.562, "0"], [1563640077.562, "0"], [1563640078.562, "819.2"], [1563640079.562, "819.2"], [1563640080.562, "819.2"], [1563640081.562, "819.2"], [1563640082.562, "819.2"], [1563640083.562, "819.2"], [1563640084.562, "819.2"], [1563640085.562, "819.2"], [1563640086.562, "819.2"], [1563640087.562, "819.2"], [1563640088.562, "148215.91363454616"], [1563640089.562, "148215.91363454616"], [1563640090.562, "148215.91363454616"], [1563640091.562, "148215.91363454616"], [1563640092.562, "148215.91363454616"]]}, {"qps": 100, "avg_cpu": 0.11058682231778566, "req_lost": 0.005018639786569246, "avg_mem": 894952.2227260493, "cpu_values": [[1563640152.753, "0"], [1563640153.753, "0"], [1563640154.753, "0"], [1563640155.753, "0"], [1563640156.753, "0"], [1563640157.753, "0"], [1563640158.753, "0.012255487799999987"], [1563640159.753, "0.012255487799999987"], [1563640160.753, "0.012255487799999987"], [1563640161.753, "0.012255487799999987"], [1563640162.753, "0.012255487799999987"], [1563640163.753, "0.054371059928086295"], [1563640164.753, "0.054371059928086295"], [1563640165.753, "0.054371059928086295"], [1563640166.753, "0.054371059928086295"], [1563640167.753, "0.054371059928086295"], [1563640168.753, "0.19681929074889873"], [1563640169.753, "0.19681929074889873"], [1563640170.753, "0.19681929074889873"], [1563640171.753, "0.19681929074889873"], [1563640172.753, "0.19681929074889873"], [1563640173.753, "0.00001681420000001488"], [1563640174.753, "0.00001681420000001488"], [1563640175.753, "0.00001681420000001488"], [1563640176.753, "0.00001681420000001488"], [1563640177.753, "0.00001681420000001488"], [1563640178.753, "0.27393476240000003"], [1563640179.753, "0.27393476240000003"], [1563640180.753, "0.27393476240000003"], [1563640181.753, "0.27393476240000003"], [1563640182.753, "0.27393476240000003"], [1563640183.753, "0.14366651699999997"], [1563640184.753, "0.14366651699999997"], [1563640185.753, "0.14366651699999997"], [1563640186.753, "0.14366651699999997"], [1563640187.753, "0.14366651699999997"], [1563640188.753, "0.26213319119999995"], [1563640189.753, "0.26213319119999995"], [1563640190.753, "0.26213319119999995"], [1563640191.753, "0.26213319119999995"], [1563640192.753, "0.26213319119999995"], [1563640193.753, "0"], [1563640194.753, "0"], [1563640195.753, "0"], [1563640196.753, "0"], [1563640197.753, "0"], [1563640198.753, "0.20276956560000003"], [1563640199.753, "0.20276956560000003"], [1563640200.753, "0.20276956560000003"], [1563640201.753, "0.20276956560000003"], [1563640202.753, "0.20276956560000003"], [1563640203.753, "0.20319254340000004"], [1563640204.753, "0.20319254340000004"], [1563640205.753, "0.20319254340000004"], [1563640206.753, "0.20319254340000004"], [1563640207.753, "0.20319254340000004"], [1563640208.753, "0"], [1563640209.753, "0"], [1563640210.753, "0"], [1563640211.753, "0"], [1563640212.753, "0"]], "mem_values": [[1563640152.753, "0"], [1563640153.753, "0"], [1563640154.753, "0"], [1563640155.753, "0"], [1563640156.753, "0"], [1563640157.753, "0"], [1563640158.753, "369459.2"], [1563640159.753, "369459.2"], [1563640160.753, "369459.2"], [1563640161.753, "369459.2"], [1563640162.753, "369459.2"], [1563640163.753, "603026.7678785457"], [1563640164.753, "603026.7678785457"], [1563640165.753, "603026.7678785457"], [1563640166.753, "603026.7678785457"], [1563640167.753, "603026.7678785457"], [1563640168.753, "1385291.1493792553"], [1563640169.753, "1385291.1493792553"], [1563640170.753, "1385291.1493792553"], [1563640171.753, "1385291.1493792553"], [1563640172.753, "1385291.1493792553"], [1563640173.753, "0"], [1563640174.753, "0"], [1563640175.753, "0"], [1563640176.753, "0"], [1563640177.753, "0"], [1563640178.753, "187596.8"], [1563640179.753, "187596.8"], [1563640180.753, "187596.8"], [1563640181.753, "187596.8"], [1563640182.753, "187596.8"], [1563640183.753, "258048"], [1563640184.753, "258048"], [1563640185.753, "258048"], [1563640186.753, "258048"], [1563640187.753, "258048"], [1563640188.753, "213811.2"], [1563640189.753, "213811.2"], [1563640190.753, "213811.2"], [1563640191.753, "213811.2"], [1563640192.753, "213811.2"], [1563640193.753, "0"], [1563640194.753, "0"], [1563640195.753, "0"], [1563640196.753, "0"], [1563640197.753, "0"], [1563640198.753, "107315.20000000001"], [1563640199.753, "107315.20000000001"], [1563640200.753, "107315.20000000001"], [1563640201.753, "107315.20000000001"], [1563640202.753, "107315.20000000001"], [1563640203.753, "7793868.8"], [1563640204.753, "7793868.8"], [1563640205.753, "7793868.8"], [1563640206.753, "7793868.8"], [1563640207.753, "7793868.8"], [1563640208.753, "0"], [1563640209.753, "0"], [1563640210.753, "0"], [1563640211.753, "0"], [1563640212.753, "0"]]}, {"qps": 200, "avg_cpu": 0.21627272562058825, "req_lost": 0.00558086518871459, "avg_mem": 1542703.9287181536,