{"pod": 5, "cpu": "1", "values": [{"qps": 5000, "avg_cpu": 2.1955209740374233, "req_lost": 12.916477779773372, "avg_mem": 3579038.216677966, "cpu_values": [[1563614748.478, "0"], [1563614749.478, "0"], [1563614750.478, "0"], [1563614751.478, "0"], [1563614752.478, "0"], [1563614753.478, "0"], [1563614754.478, "0"], [1563614755.478, "0"], [1563614756.478, "0"], [1563614757.478, "0"], [1563614758.478, "1.9838787663285602"], [1563614759.478, "2.3213333376485603"], [1563614760.478, "2.6587879089685598"], [1563614761.478, "2.9918476500736797"], [1563614762.478, "3.3150478400336802"], [1563614763.478, "1.9520901958768004"], [1563614764.478, "2.2941515754768003"], [1563614765.478, "2.6362129550768003"], [1563614766.478, "2.9782743346768"], [1563614767.478, "3.3203357142768004"], [1563614768.478, "0"], [1563614769.478, "0"], [1563614770.478, "0"], [1563614771.478, "0"], [1563614772.478, "0"], [1563614773.478, "5.55456737582844"], [1563614774.478, "5.89355956254248"], [1563614775.478, "5.9959353241999995"], [1563614776.478, "5.9959353241999995"], [1563614777.478, "5.9959353241999995"], [1563614778.478, "0"], [1563614779.478, "0"], [1563614780.478, "0"], [1563614781.478, "0"], [1563614782.478, "0"], [1563614783.478, "3.5080932527999993"], [1563614784.478, "3.5080932527999997"], [1563614785.478, "3.5080932527999997"], [1563614786.478, "3.5080932527999997"], [1563614787.478, "3.5080932527999997"], [1563614788.478, "3.7254801596"], [1563614789.478, "3.725480159600001"], [1563614790.478, "3.725480159600001"], [1563614791.478, "3.725480159600001"], [1563614792.478, "3.725480159600001"], [1563614793.478, "1.7500294953999997"], [1563614794.478, "1.7500294954000002"], [1563614795.478, "1.7500294954000002"], [1563614796.478, "1.7500294954000002"], [1563614797.478, "1.7500294954000002"], [1563614798.478, "3.518254885399999"], [1563614799.478, "3.5182548853999998"], [1563614800.478, "3.5182548853999998"], [1563614801.478, "3.5182548853999998"], [1563614802.478, "3.5182548853999998"], [1563614803.478, "2.7846388281999985"], [1563614804.478, "2.7846388281999994"], [1563614805.478, "2.7846388281999994"], [1563614806.478, "2.7846388281999994"]], "mem_values": [[1563614748.478, "0"], [1563614749.478, "0"], [1563614750.478, "0"], [1563614751.478, "0"], [1563614752.478, "0"], [1563614753.478, "0"], [1563614754.478, "0"], [1563614755.478, "0"], [1563614756.478, "0"], [1563614757.478, "0"], [1563614758.478, "14337199.636479998"], [1563614759.478, "15965764.15744"], [1563614760.478, "17259298.16064"], [1563614761.478, "17709465.6"], [1563614762.478, "17709465.6"], [1563614763.478, "9710109.32736"], [1563614764.478, "11166319.24736"], [1563614765.478, "12622529.16736"], [1563614766.478, "14078739.087360002"], [1563614767.478, "14562099.2"], [1563614768.478, "0"], [1563614769.478, "0"], [1563614770.478, "0"], [1563614771.478, "0"], [1563614772.478, "0"], [1563614773.478, "1658060.7999999996"], [1563614774.478, "1658060.7999999998"], [1563614775.478, "1658060.7999999998"], [1563614776.478, "1658060.7999999998"], [1563614777.478, "1658060.7999999998"], [1563614778.478, "6895206.3999999985"], [1563614779.478, "6895206.4"], [1563614780.478, "6895206.4"], [1563614781.478, "6895206.4"], [1563614782.478, "6895206.4"], [1563614783.478, "568524.7999999999"], [1563614784.478, "568524.8"], [1563614785.478, "568524.8"], [1563614786.478, "568524.8"], [1563614787.478, "568524.8"], [1563614788.478, "3041689.599999999"], [1563614789.478, "3041689.6"], [1563614790.478, "3041689.6"], [1563614791.478, "3041689.6"], [1563614792.478, "3041689.6"], [1563614793.478, "534937.5999999999"], [1563614794.478, "534937.6"], [1563614795.478, "534937.6"], [1563614796.478, "534937.6"], [1563614797.478, "534937.6"], [1563614798.478, "462847.99999999994"], [1563614799.478, "462848"], [1563614800.478, "462848"], [1563614801.478, "462848"], [1563614802.478, "462848"], [1563614803.478, "58982.39999999999"], [1563614804.478, "58982.4"], [1563614805.478, "58982.4"], [1563614806.478, "58982.4"]]}]}