{"pod": 4, "cpu": "1", "values": [{"qps": 1, "avg_cpu": 0.06076421226820094, "req_lost": 0.01271980685930707, "avg_mem": 3214486.4402567553, "cpu_values": [[1563630428.45, "0"], [1563630429.45, "0"], [1563630430.45, "0"], [1563630431.45, "0"], [1563630432.45, "0"], [1563630433.45, "0"], [1563630434.45, "0"], [1563630435.45, "0"], [1563630436.45, "0"], [1563630437.45, "0"], [1563630438.45, "0.3602449804368"], [1563630439.45, "0.4193868477968"], [1563630440.45, "0.4785287151568"], [1563630441.45, "0.5376705825168"], [1563630442.45, "0.5914186736"], [1563630443.45, "0.11544610457740001"], [1563630444.45, "0.13459820755739998"], [1563630445.45, "0.15375031053740001"], [1563630446.45, "0.17290241351740004"], [1563630447.45, "0.19152102980000002"], [1563630448.45, "0.0010154356000000144"], [1563630449.45, "0.0010154356000000142"], [1563630450.45, "0.0010154356000000142"], [1563630451.45, "0.0010154356000000142"], [1563630452.45, "0.0010154356000000142"], [1563630453.45, "0.003918977209116367"], [1563630454.45, "0.003918977209116367"], [1563630455.45, "0.003918977209116367"], [1563630456.45, "0.003918977209116367"], [1563630457.45, "0.003918977209116367"], [1563630458.45, "0.001602336134453757"], [1563630459.45, "0.0016023361344537565"], [1563630460.45, "0.0016023361344537565"], [1563630461.45, "0.0016023361344537565"], [1563630462.45, "0.0016023361344537565"], [1563630463.45, "0.0011313946000000021"], [1563630464.45, "0.001131394600000002"], [1563630465.45, "0.001131394600000002"], [1563630466.45, "0.001131394600000002"], [1563630467.45, "0.001131394600000002"], [1563630468.45, "0.002811583599999957"], [1563630469.45, "0.0028115835999999563"], [1563630470.45, "0.0028115835999999563"], [1563630471.45, "0.0028115835999999563"], [1563630472.45, "0.0028115835999999563"], [1563630473.45, "0.001452002800000019"], [1563630474.45, "0.0014520028000000185"], [1563630475.45, "0.0014520028000000185"], [1563630476.45, "0.0014520028000000185"], [1563630477.45, "0.0014520028000000185"], [1563630478.45, "0.0017922449999999927"], [1563630479.45, "0.0017922449999999922"], [1563630480.45, "0.0017922449999999922"]], "mem_values": [[1563630428.45, "0"], [1563630429.45, "0"], [1563630430.45, "0"], [1563630431.45, "0"], [1563630432.45, "0"], [1563630433.45, "0"], [1563630434.45, "0"], [1563630435.45, "0"], [1563630436.45, "0"], [1563630437.45, "0"], [1563630438.45, "11669634.252799999"], [1563630439.45, "13323844.812800001"], [1563630440.45, "14978055.3728"], [1563630441.45, "16537787.5968"], [1563630442.45, "16542105.6"], [1563630443.45, "3887094.1695999997"], [1563630444.45, "4458568.0896000005"], [1563630445.45, "5030042.0095999995"], [1563630446.45, "5601515.929599999"], [1563630447.45, "5714739.2"], [1563630448.45, "7150796.800000002"], [1563630449.45, "7150796.8"], [1563630450.45, "7150796.8"], [1563630451.45, "7150796.8"], [1563630452.45, "7150796.8"], [1563630453.45, "7138930.027988804"], [1563630454.45, "7138930.027988804"], [1563630455.45, "7138930.027988804"], [1563630456.45, "7138930.027988804"], [1563630457.45, "7138930.027988804"], [1563630458.45, "104080.03201280514"], [1563630459.45, "104080.03201280511"], [1563630460.45, "104080.03201280511"], [1563630461.45, "104080.03201280511"], [1563630462.45, "104080.03201280511"], [1563630463.45, "819.2000000000002"], [1563630464.45, "819.2"], [1563630465.45, "819.2"], [1563630466.45, "819.2"], [1563630467.45, "819.2"], [1563630468.45, "127795.20000000001"], [1563630469.45, "127795.2"], [1563630470.45, "127795.2"], [1563630471.45, "127795.2"], [1563630472.45, "127795.2"], [1563630473.45, "2457.600000000001"], [1563630474.45, "2457.6"], [1563630475.45, "2457.6"], [1563630476.45, "2457.6"], [1563630477.45, "2457.6"], [1563630478.45, "0"], [1563630479.45, "0"], [1563630480.45, "0"]]}, {"qps": 100, "avg_cpu": 0.1061926248032787, "req_lost": 0.005731693124777504, "avg_mem": 209339.17377049176, "cpu_values": [[1563630540.702, "0"], [1563630541.702, "0"], [1563630542.702, "0"], [1563630543.702, "0.0008228541999999895"], [1563630544.702, "0.0008228541999999895"], [1563630545.702, "0.0008228541999999895"], [1563630546.702, "0.0008228541999999895"], [1563630547.702, "0.0008228541999999895"], [1563630548.702, "0.063326731"], [1563630549.702, "0.063326731"], [1563630550.702, "0.063326731"], [1563630551.702, "0.063326731"], [1563630552.702, "0.063326731"], [1563630553.702, "0.06184259779999999"], [1563630554.702, "0.06184259779999999"], [1563630555.702, "0.06184259779999999"], [1563630556.702, "0.06184259779999999"], [1563630557.702, "0.06184259779999999"], [1563630558.702, "0.06160544960000003"], [1563630559.702, "0.06160544960000003"], [1563630560.702, "0.06160544960000003"], [1563630561.702, "0.06160544960000003"], [1563630562.702, "0.06160544960000003"], [1563630563.702, "0.139947514"], [1563630564.702, "0.139947514"], [1563630565.702, "0.139947514"], [1563630566.702, "0.139947514"], [1563630567.702, "0.139947514"], [1563630568.702, "0.30157641840000005"], [1563630569.702, "0.30157641840000005"], [1563630570.702, "0.30157641840000005"], [1563630571.702, "0.30157641840000005"], [1563630572.702, "0.30157641840000005"], [1563630573.702, "0.09245056459999997"], [1563630574.702, "0.09245056459999997"], [1563630575.702, "0.09245056459999997"], [1563630576.702, "0.09245056459999997"], [1563630577.702, "0.09245056459999997"], [1563630578.702, "0"], [1563630579.702, "0"], [1563630580.702, "0"], [1563630581.702, "0"], [1563630582.702, "0"], [1563630583.702, "0.4346822484"], [1563630584.702, "0.4346822484"], [1563630585.702, "0.4346822484"], [1563630586.702, "0.4346822484"], [1563630587.702, "0.4346822484"], [1563630588.702, "0.06010868920000001"], [1563630589.702, "0.06010868920000001"], [1563630590.702, "0.06010868920000001"], [1563630591.702, "0.06010868920000001"], [1563630592.702, "0.06010868920000001"], [1563630593.702, "0"], [1563630594.702, "0"], [1563630595.702, "0"], [1563630596.702, "0"], [1563630597.702, "0"], [1563630598.702, "0.131978259"], [1563630599.702, "0.131978259"], [1563630600.702, "0.131978259"]], "mem_values": [[1563630540.702, "0"], [1563630541.702, "0"], [1563630542.702, "0"], [1563630543.702, "26214.4"], [1563630544.702, "26214.4"], [1563630545.702, "26214.4"], [1563630546.702, "26214.4"], [1563630547.702, "26214.4"], [1563630548.702, "525926.4"], [1563630549.702, "525926.4"], [1563630550.702, "525926.4"], [1563630551.702, "525926.4"], [1563630552.702, "525926.4"], [1563630553.702, "492339.2"], [1563630554.702, "492339.2"], [1563630555.702, "492339.2"], [1563630556.702, "492339.2"], [1563630557.702, "492339.2"], [1563630558.702, "457932.8"], [1563630559.702, "457932.8"], [1563630560.702, "457932.8"], [1563630561.702, "457932.8"], [1563630562.702, "457932.8"], [1563630563.702, "117145.6"], [1563630564.702, "117145.6"], [1563630565.702, "117145.6"], [1563630566.702, "117145.6"], [1563630567.702, "117145.6"], [1563630568.702, "523468.8"], [1563630569.702, "523468.8"], [1563630570.702, "523468.8"], [1563630571.702, "523468.8"], [1563630572.702, "523468.8"], [1563630573.702, "9011.2"], [1563630574.702, "9011.2"], [1563630575.702, "9011.2"], [1563630576.702, "9011.2"], [1563630577.702, "9011.2"], [1563630578.702, "0"], [1563630579.702, "0"], [1563630580.702, "0"], [1563630581.702, "0"], [1563630582.702, "0"], [1563630583.702, "323584"], [1563630584.702, "323584"], [1563630585.702, "323584"], [1563630586.702, "323584"], [1563630587.702, "323584"], [1563630588.702, "33587.2"], [1563630589.702, "33587.2"], [1563630590.702, "33587.2"], [1563630591.702, "33587.2"], [1563630592.702, "33587.2"], [1563630593.702, "0"], [1563630594.702, "0"], [1563630595.702, "0"], [1563630596.702, "0"], [1563630597.702, "0"], [1563630598.702, "74547.2"], [1563630599.702, "74547.2"], [1563630600.702, "74547.2"]]}]}