{"pod": 2, "cpu": "1", "values": [{"qps": 1, "avg_cpu": 0.027171877293740376, "req_lost": 0.018529542709866398, "avg_mem": 910629.3870276923, "cpu_values": [[1563615647.831, "0"], [1563615648.831, "0"], [1563615649.831, "0"], [1563615650.831, "0"], [1563615651.831, "0"], [1563615652.831, "0"], [1563615653.831, "0"], [1563615654.831, "0"], [1563615655.831, "0"], [1563615656.831, "0"], [1563615657.831, "0.10037152664226001"], [1563615658.831, "0.11916801230226"], [1563615659.831, "0.13796449796226"], [1563615660.831, "0.15676098362226"], [1563615661.831, "0.17555746928226"], [1563615662.831, "0.09770246141264"], [1563615663.831, "0.11581087165264"], [1563615664.831, "0.13391928189263996"], [1563615665.831, "0.15202769213264"], [1563615666.831, "0.17013610237263999"], [1563615667.831, "0"], [1563615668.831, "0"], [1563615669.831, "0"], [1563615670.831, "0"], [1563615671.831, "0"], [1563615672.831, "0.003621285999999979"], [1563615673.831, "0.003621285999999979"], [1563615674.831, "0.003621285999999979"], [1563615675.831, "0.003621285999999979"], [1563615676.831, "0.003621285999999979"], [1563615677.831, "0"], [1563615678.831, "0"], [1563615679.831, "0"], [1563615680.831, "0"], [1563615681.831, "0"], [1563615682.831, "0"], [1563615683.831, "0"], [1563615684.831, "0"], [1563615685.831, "0"], [1563615686.831, "0"], [1563615687.831, "0.004955053800000009"], [1563615688.831, "0.004955053800000009"], [1563615689.831, "0.004955053800000009"], [1563615690.831, "0.004955053800000009"], [1563615691.831, "0.004955053800000009"], [1563615692.831, "0.002127404200000016"], [1563615693.831, "0.002127404200000016"], [1563615694.831, "0.002127404200000016"], [1563615695.831, "0.002127404200000016"], [1563615696.831, "0.002127404200000016"], [1563615697.831, "0"], [1563615698.831, "0"]], "mem_values": [[1563615647.831, "0"], [1563615648.831, "0"], [1563615649.831, "0"], [1563615650.831, "0"], [1563615651.831, "0"], [1563615652.831, "0"], [1563615653.831, "0"], [1563615654.831, "0"], [1563615655.831, "0"], [1563615656.831, "0"], [1563615657.831, "3567127.3472"], [1563615658.831, "4155722.5472000004"], [1563615659.831, "4744317.7472"], [1563615660.831, "5332912.9472"], [1563615661.831, "5885952"], [1563615662.831, "3571959.64416"], [1563615663.831, "4153018.20416"], [1563615664.831, "4734076.764160001"], [1563615665.831, "5315135.32416"], [1563615666.831, "5810585.6"], [1563615667.831, "0"], [1563615668.831, "0"], [1563615669.831, "0"], [1563615670.831, "0"], [1563615671.831, "0"], [1563615672.831, "819.2"], [1563615673.831, "819.2"], [1563615674.831, "819.2"], [1563615675.831, "819.2"], [1563615676.831, "819.2"], [1563615677.831, "0"], [1563615678.831, "0"], [1563615679.831, "0"], [1563615680.831, "0"], [1563615681.831, "0"], [1563615682.831, "0"], [1563615683.831, "0"], [1563615684.831, "0"], [1563615685.831, "0"], [1563615686.831, "0"], [1563615687.831, "15564.8"], [1563615688.831, "15564.8"], [1563615689.831, "15564.8"], [1563615690.831, "15564.8"], [1563615691.831, "15564.8"], [1563615692.831, "0"], [1563615693.831, "0"], [1563615694.831, "0"], [1563615695.831, "0"], [1563615696.831, "0"], [1563615697.831, "0"], [1563615698.831, "0"]]}]}