{"metadata": {"measurements_length": 1, "load_rate": 4, "serve_rate": 3}, "data": {"load_send_times": [0, 0.7702678671440074, 0.8822769026814494, 1.7844982201237385, 2.018352622846871, 2.0223959998983165, 2.1183109896368926, 2.637772466233647, 3.0599625035766973, 3.4318993443234604, 3.6733387006627427, 3.9821990659558506, 4.158454572969833, 4.415119432817016, 4.538984739781587, 4.953447790998954, 5.917795675336302, 6.211192551747748, 6.422236934389867, 6.603919390804504, 7.349567736090302, 7.549780068900406, 8.073907380934937, 8.126304267672511, 8.181581630806528, 8.312220082752127, 8.329250524709003, 8.379680754406257, 8.613547950316109, 8.924567558034187, 9.381147384272314, 9.504835170663485, 9.688631810840965, 9.70765371167996, 10.077501839300524, 10.12279171818974, 10.51047617887665, 10.688034600624093, 10.71146363009741, 10.893241058410101, 11.195667559647578, 11.215298719708588, 11.433478269477147, 11.608614285230583, 12.141857175579405, 12.284837724026152, 12.35164950261231, 12.41885519116317, 12.581788763983711, 12.592778322650656, 12.815688806015892, 12.963796699018232, 14.089530155534517, 14.716629528993801, 14.78484317995812, 15.362130114332905, 15.470238007831986, 15.507275063279847, 15.521014539459076, 16.02518550634719, 16.12924235921656, 17.34210012400509, 17.626380704508044, 17.66896698129246, 17.86310129077333, 18.139441815749777, 18.310700291932598, 18.627568550542357, 18.693222325780184, 18.894996800035493, 18.96322635263852, 19.440991965226853, 19.53426556176692, 19.620125929939437, 20.201555638595888, 20.802345777491755, 21.359971826333542, 21.60360840518236, 21.649449133511762, 21.72229332098196, 22.134864997470775, 22.60751447695532, 22.796434075910213, 23.10620850812021, 23.207723661915715, 23.303819440585553, 23.66816709226235, 23.763390491750624, 23.91966163327582, 24.690012182258872, 24.70353910649445, 24.906817449742256, 25.051284074354786, 25.433230227977695, 25.700554486676946, 25.873137338871498, 26.388907128254175, 26.610662668525542, 26.64254398388683, 26.67512741737973, 27.400324894685976, 28.185971995985952, 28.543933769061073, 28.645256661594964, 28.93370077645014, 29.34684567170408, 29.347965039885267, 29.706197365385357, 29.716216064734336, 29.852795210873676, 30.15304876005563, 30.216139304662555, 30.395157665347856, 30.711748548163207, 31.086152888101548, 31.10017912376636, 31.324028851424607, 31.387790519717154, 31.49499617331421, 31.62807835437453, 32.08093832793009, 32.43632921339147, 32.55748514821291, 32.730194984806744, 32.83109468065826, 32.97759496789223, 33.3835940651834, 33.52424067841948, 33.99449405890348, 34.105528863554, 34.118936056585554, 34.13053419633505, 34.266764792153964, 34.29744214033249, 34.70409957417759, 35.04227313586212, 35.16277731608157, 35.18340808997625, 35.208660521592414, 36.00069219802505, 36.15373663998998, 36.26792917006094, 37.14886242106005, 37.21896301567712, 37.25767733050264, 37.35002417755433, 37.594207622086856, 37.64586950939763, 37.70482653928364, 37.76040676408413, 38.04386039928113, 38.14136289815813, 38.21208935082539, 38.23834160511066, 38.39649515892625, 38.50258064443465, 38.796901414137515, 38.929525501589346, 38.93820940964441, 39.34740980162823, 39.54601900306202, 39.68882822417916, 39.927484684563126, 40.05313122717013, 40.14316355620084, 40.155976655745455, 41.03215509967013, 41.25992931866242, 41.51023246119559, 41.77887703809724, 42.01260612010939, 42.08122068834255, 42.42881716334299, 42.79114971280913, 43.17143913483116, 44.037906659239326, 44.37759370352028, 44.47256462379387, 44.7184848797263, 44.90371035849522, 45.182002746147475, 45.28496166114115, 45.44522574521095, 45.629857067304066, 45.75445292511685, 46.076402922518, 46.49004674658683, 47.43829797811858, 47.580160954581274, 48.22597950617191, 48.30962877960826, 48.37247540853658, 48.50023227955897, 48.68339346949711, 48.7476583124788, 49.13574661629133, 49.29168305209007, 50.00948994613409, 50.33949288079341, 50.62754967140792, 50.63845509295229, 50.7168635052142, 50.75709118080837, 51.12100155928236, 51.46487968568396, 52.283075087338766, 52.839944737905576, 52.90102068149563, 53.17510915446061, 53.39182968659764, 53.597261742164406, 53.812484488103685, 54.36306640455, 54.62393414782049, 54.73961727654562, 55.043187610991296, 55.30462253543892, 55.31117411735829, 55.796057439543226, 55.82606375888379, 56.40823039679461, 56.868007479948204, 57.24538558884458, 57.311219020301365, 57.54235021859428, 57.655758350782, 57.763885709618904, 58.016124340227215, 58.16856179125447, 58.32036710920866, 58.967069420393365, 59.05249564126735, 59.10903739124467, 59.19680043513408, 59.296438081862426, 59.53809069190819, 59.87737641648464, 61.092928370089155],