{"metadata": {"measurements_length": 1, "load_rate": 4, "serve_rate": 3}, "data": {"load_send_times": [0, 0.15138502610210994, 0.37127771488053707, 0.39162145327789444, 0.5285445154066294, 0.6597391187109123, 1.1901667819165107, 1.4855822930406324, 1.901170030562826, 1.9557724932340215, 2.253798700763113, 2.8337146993345974, 2.9498981786215803, 3.6002301069184677, 3.6027229936177663, 3.696402030387648, 3.714959273693874, 4.363878902552007, 4.472107845857041, 4.738783351258476, 4.857189064621744, 4.858468231427305, 4.8798106915507695, 4.910183825183387, 4.955966050854954, 5.141964135782912, 5.396117753969271, 5.549763941984245, 5.794860586434285, 5.894759880779964, 6.861341192151573, 7.425928937834687, 7.430032287032391, 7.462308259728169, 7.510223839289463, 7.7420102096233565, 7.756183960972248, 7.84719367571694, 8.195937741975264, 8.359027890670497, 9.00488580017938, 9.22641255407934, 9.512170255326904, 9.539898614034957, 9.683289579524844, 9.741490383057755, 10.229757436860611, 10.263360474978974, 10.793902416795012, 11.354049316839, 11.829883313154351, 12.12280960521844, 12.742910757631847, 13.268606507335605, 13.364759374297511, 13.77925896679684, 13.896854507474488, 13.90554265399791, 14.027973725568812, 14.20820846801486, 14.666867779713673, 14.851830736887695, 14.975581159760889, 15.068691715913742, 15.37466924137209, 16.38205094776193, 16.722382460034286, 16.959543194255446, 17.07826983803039, 18.023663114081145, 18.669558326527017, 19.01086805131482, 19.152995766351946, 19.188843188527937, 19.21099730323236, 19.29843661278365, 19.349598769817092, 19.68304257713179, 20.059811799728838, 20.33501158472679, 20.40835382517975, 20.58792329896753, 20.695160953470243, 20.805269813744946, 21.12528951366923, 21.180328922736955, 21.23927821536501, 21.31009955955373, 21.4311316684785, 22.007018212931992, 22.22382526851326, 23.38342325565424, 23.639133776775893, 23.640548956257575, 24.092371618766443, 24.15980971848942, 24.305347822045487, 24.488940720416135, 24.74424023803213, 24.810890442501577, 24.876868947748168, 25.528065429115177, 25.662605817450682, 25.861079258662684, 26.174726538445654, 26.424613512636764, 26.568075527829297, 26.74679201252752, 26.803390322625916, 26.936890571525396, 27.325886896826628, 27.50882664514876, 27.675443781581343, 27.715704109806346, 27.95128002776053, 28.160663582390164, 28.587897434798553, 28.80273291243668, 29.137647668324362, 29.244698179028475, 29.297171896800435, 30.353227613779033, 30.531837331759416, 30.920147933817248, 31.028913040237317, 31.36855563743093, 32.69928064245169, 33.14097357820059, 33.221544466991666, 33.4459119287996, 33.5486607907204, 33.67806780957163, 34.721209991161125, 35.617328920986694, 35.85241210601232, 36.42891164185033, 36.435465398852244, 36.88208016401952, 38.287565342941726, 38.30879293388853, 38.41765818334388, 38.615384757306536, 38.703686274069796, 38.7257547393929, 39.115597238359804, 39.19727838883127, 39.35818747797565, 39.501509209181386, 39.52101521103565, 39.65632564358306, 39.66383990345702, 39.84310732785691, 40.099027564478284, 40.419601988175415, 40.72102395907575, 41.0086320237094, 41.250315059002205, 41.46576906940714, 41.51066711811857, 41.81578184667175, 41.871182995976454, 42.31917050063851, 42.51871866662324, 42.53996089678777, 43.11081095538876, 43.54982944657211, 43.745623848598854, 43.882724719541685, 43.930001200769446, 43.976588007677975, 43.97767296086398, 44.023640111959246, 44.103532394379954, 44.21290265969086, 44.219943740644084, 44.2794210783486, 44.754919963404355, 45.02391103217734, 45.19988008601948, 45.383186207969636, 45.891722439827255, 46.06823374675087, 46.90030545785636, 47.760884764232486, 48.039563998839625, 48.22836682970552, 48.25129403967263, 48.37174059102436, 48.40358654864887, 48.63703333819355, 48.83286958564179, 48.869952054094604, 49.054637978943596, 49.24710911493431, 49.68242207139399, 49.76506564829057, 50.01200130770077, 50.05496260640291, 50.27927623818769, 50.77525469920569, 50.947774871151324, 51.22114046655824, 51.36670765623386, 51.39401852870355, 51.55518769082004, 52.08238357818226, 52.206753080446106, 52.303651188606786, 52.43639997457497, 52.48057357499145, 52.70193877269585, 53.08469284131729, 53.714003813623165, 54.362911253249955, 54.54256563122782, 54.71987008692796, 54.82933866368274, 55.001793305101444, 55.138411095593206, 55.38206843464189, 55.54987167303914, 55.81385707027541, 56.056064293716055, 56.16260869150533, 56.681173621703934, 57.03925262895664, 57.381483596306595, 57.58780649778314, 57.897598370486755, 57.94149971085417, 58.080070560914805, 58.33156264418696, 58.64817820157266, 58.68627526102808, 58.93115360536584, 59.08184524071975, 59.48899364182274, 59.52663266236445, 59.530225622871676, 59.632938971875795, 59.70485535513982, 59.89013316580926, 60.04283653171514],