{"pod": 1, "cpu": "100m", "values": [{"qps": 50, "avg_cpu": 0.05289492982262414, "req_lost": 0.01506970203186686, "avg_mem": "N/A", "cpu_values": [[1564118898.587, "0"], [1564118899.587, "0"], [1564118900.587, "0"], [1564118901.587, "0"], [1564118902.587, "0"], [1564118903.587, "0"], [1564118904.587, "0"], [1564118905.587, "0"], [1564118906.587, "0"], [1564118907.587, "0"], [1564118908.587, "0"], [1564118909.587, "0"], [1564118910.587, "0"], [1564118911.587, "0"], [1564118912.587, "0"], [1564118913.587, "0.16845417014244002"], [1564118914.587, "0.19696596146244003"], [1564118915.587, "0.22547775278244"], [1564118916.587, "0.25398954410244"], [1564118917.587, "0.28250133542244"], [1564118918.587, "0"], [1564118919.587, "0"], [1564118920.587, "0"], [1564118921.587, "0"], [1564118922.587, "0"], [1564118923.587, "0"], [1564118924.587, "0"], [1564118925.587, "0"], [1564118926.587, "0"], [1564118927.587, "0"], [1564118928.587, "0.16504966960000003"], [1564118929.587, "0.16504966960000003"], [1564118930.587, "0.16504966960000003"], [1564118931.587, "0.16504966960000003"], [1564118932.587, "0.16504966960000003"], [1564118933.587, "0"], [1564118934.587, "0"], [1564118935.587, "0"], [1564118936.587, "0"], [1564118937.587, "0"], [1564118938.587, "0.13138931519999994"], [1564118939.587, "0.13138931519999994"], [1564118940.587, "0.13138931519999994"], [1564118941.587, "0.13138931519999994"], [1564118942.587, "0.13138931519999994"], [1564118943.587, "0"], [1564118944.587, "0"], [1564118945.587, "0"], [1564118946.587, "0"], [1564118947.587, "0"], [1564118948.587, "0"], [1564118949.587, "0"], [1564118950.587, "0"], [1564118951.587, "0"], [1564118952.587, "0"], [1564118953.587, "0.15277408060000006"], [1564118954.587, "0.15277408060000006"], [1564118955.587, "0.15277408060000006"]], "mem_values": []}, {"qps": 100, "avg_cpu": 0.07470905335409836, "req_lost": 0.013091632533823727, "avg_mem": "N/A", "cpu_values": [[1564119015.66, "0"], [1564119016.66, "0"], [1564119017.66, "0"], [1564119018.66, "0"], [1564119019.66, "0"], [1564119020.66, "0"], [1564119021.66, "0"], [1564119022.66, "0"], [1564119023.66, "0"], [1564119024.66, "0"], [1564119025.66, "0"], [1564119026.66, "0"], [1564119027.66, "0"], [1564119028.66, "0.18383096220000006"], [1564119029.66, "0.18383096220000006"], [1564119030.66, "0.18383096220000006"], [1564119031.66, "0.18383096220000006"], [1564119032.66, "0.18383096220000006"], [1564119033.66, "0"], [1564119034.66, "0"], [1564119035.66, "0"], [1564119036.66, "0"], [1564119037.66, "0"], [1564119038.66, "0.21773131239999993"], [1564119039.66, "0.21773131239999993"], [1564119040.66, "0.21773131239999993"], [1564119041.66, "0.21773131239999993"], [1564119042.66, "0.21773131239999993"], [1564119043.66, "0"], [1564119044.66, "0"], [1564119045.66, "0"], [1564119046.66, "0"], [1564119047.66, "0"], [1564119048.66, "0"], [1564119049.66, "0"], [1564119050.66, "0"], [1564119051.66, "0"], [1564119052.66, "0"], [1564119053.66, "0"], [1564119054.66, "0"], [1564119055.66, "0"], [1564119056.66, "0"], [1564119057.66, "0"], [1564119058.66, "0.34081494360000003"], [1564119059.66, "0.34081494360000003"], [1564119060.66, "0.34081494360000003"], [1564119061.66, "0.34081494360000003"], [1564119062.66, "0.34081494360000003"], [1564119063.66, "0"], [1564119064.66, "0"], [1564119065.66, "0"], [1564119066.66, "0"], [1564119067.66, "0"], [1564119068.66, "0"], [1564119069.66, "0"], [1564119070.66, "0"], [1564119071.66, "0"], [1564119072.66, "0"], [1564119073.66, "0.28178872119999987"], [1564119074.66, "0.28178872119999987"], [1564119075.66, "0.28178872119999987"]], "mem_values": []}, {"qps": 150, "avg_cpu": 0.07558011221311474, "req_lost": 8.99384253931782, "avg_mem": "N/A", "cpu_values": [[1564119135.934, "0"], [1564119136.934, "0"], [1564119137.934, "0"], [1564119138.934, "0"], [1564119139.934, "0"], [1564119140.934, "0"], [1564119141.934, "0"], [1564119142.934, "0"], [1564119143.934, "0"], [1564119144.934, "0"], [1564119145.934, "0"], [1564119146.934, "0"], [1564119147.934, "0"], [1564119148.934, "0"], [1564119149.934, "0"], [1564119150.934, "0"], [1564119151.934, "0"], [1564119152.934, "0"], [1564119153.934, "0"], [1564119154.934, "0"], [1564119155.934, "0"], [1564119156.934, "0"], [1564119157.934, "0.4059522496"], [1564119158.934, "0.4059522496"], [1564119159.934, "0.4059522496"], [1564119160.934, "0.4059522496"], [1564119161.934, "0.4059522496"], [1564119162.934, "0"], [1564119163.934, "0"], [1564119164.934, "0"], [1564119165.934, "0"], [1564119166.934, "0"], [1564119167.934, "0"], [1564119168.934, "0"], [1564119169.934, "0"], [1564119170.934, "0"], [1564119171.934, "0"], [1564119172.934, "0.26727325360000015"], [1564119173.934, "0.26727325360000015"], [1564119174.934, "0.26727325360000015"], [1564119175.934, "0.26727325360000015"], [1564119176.934, "0.26727325360000015"], [1564119177.934, "0"], [1564119178.934, "0"], [1564119179.934, "0"], [1564119180.934, "0"], [1564119181.934, "0"], [1564119182.934, "0.24885186579999968"], [1564119183.934, "0.24885186579999968"], [1564119184.934, "0.24885186579999968"], [1564119185.934, "0.24885186579999968"], [1564119186.934, "0.24885186579999968"], [1564119187.934, "0"], [1564119188.934, "0"], [1564119189.934, "0"], [1564119190.934, "0"], [1564119191.934, "0"], [1564119192.934, "0"], [1564119193.934, "0"], [1564119194.934, "0"], [1564119195.934, "0"]], "mem_values": []}, {"qps": 200, "avg_cpu": 0.07905612698360658, "req_lost": 30.735001320655797, "avg_mem": "N/A", "cpu_values": [[1564119256.506, "0"], [1564119257.506, "0"], [1564119258.506, "0"], [1564119259.506, "0"], [1564119260.506, "0"], [1564119261.506, "0"], [1564119262.506, "0"], [1564119263.506, "0"], [1564119264.506, "0"], [1564119265.506, "0"], [1564119266.506, "0"], [1564119267.506, "0"], [1564119268.506, "0"], [1564119269.506, "0"], [1564119270.506, "0"], [1564119271.506, "0"], [1564119272.506, "0"], [1564119273.506, "0.31830504640000007"], [1564119274.506, "0.31830504640000007"], [1564119275.506, "0.31830504640000007"], [1564119276.506, "0.31830504640000007"], [1564119277.506, "0.31830504640000007"], [1564119278.506, "0"], [1564119279.506, "0"], [1564119280.506, "0"], [1564119281.506, "0"], [1564119282.506, "0"], [1564119283.506, "0"], [1564119284.506, "0"], [1564119285.506, "0"], [1564119286.506, "0"], [1564119287.506, "0"], [1564119288.506, "0"], [1564119289.506, "0"], [1564119290.506, "0"], [1564119291.506, "0"], [1564119292.506, "0"], [1564119293.506, "0.39130945819999996"], [1564119294.506, "0.39130945819999996"], [1564119295.506, "0.39130945819999996"], [1564119296.506, "0.39130945819999996"], [1564119297.506, "0.39130945819999996"], [1564119298.506, "0"], [1564119299.506, "0"], [1564119300.506, "0"], [1564119301.506, "0"], [1564119302.506, "0"], [1564119303.506, "0"], [1564119304.506, "0"], [1564119305.506, "0"], [1564119306.506, "0"], [1564119307.506, "0"], [1564119308.506, "0.2548702446"], [1564119309.506, "0.2548702446"], [1564119310.506, "0.2548702446"], [1564119311.506, "0.2548702446"], [1564119312.506, "0.2548702446"], [1564119313.506, "0"], [1564119314.506, "0"], [1564119315.506, "0"], [1564119316.506, "0"]], "mem_values": []}, {"qps": 250, "avg_cpu": 0.07637313427370948, "req_lost": 43.04769758733411, "avg_mem": "N/A",