{"pod": 2, "cpu": "100m", "values": [{"qps": 50, "avg_cpu": 0.0756594352649131, "req_lost": 0.024077149845780355, "avg_mem": "N/A", "cpu_values": [[1564119637.888, "0"], [1564119638.888, "0"], [1564119639.888, "0"], [1564119640.888, "0"], [1564119641.888, "0"], [1564119642.888, "0"], [1564119643.888, "0"], [1564119644.888, "0"], [1564119645.888, "0"], [1564119646.888, "0"], [1564119647.888, "0"], [1564119648.888, "0"], [1564119649.888, "0"], [1564119650.888, "0"], [1564119651.888, "0"], [1564119652.888, "0.25262557335607994"], [1564119653.888, "0.30050266241608004"], [1564119654.888, "0.34837975147607997"], [1564119655.888, "0.39625684053607996"], [1564119656.888, "0.44413392959608"], [1564119657.888, "0"], [1564119658.888, "0"], [1564119659.888, "0"], [1564119660.888, "0"], [1564119661.888, "0"], [1564119662.888, "0"], [1564119663.888, "0"], [1564119664.888, "0"], [1564119665.888, "0"], [1564119666.888, "0"], [1564119667.888, "0.11611542617046819"], [1564119668.888, "0.11611542617046819"], [1564119669.888, "0.11611542617046819"], [1564119670.888, "0.11611542617046819"], [1564119671.888, "0.11611542617046819"], [1564119672.888, "0.13642399859999998"], [1564119673.888, "0.13642399859999998"], [1564119674.888, "0.13642399859999998"], [1564119675.888, "0.13642399859999998"], [1564119676.888, "0.13642399859999998"], [1564119677.888, "0.09046735259999998"], [1564119678.888, "0.09046735259999998"], [1564119679.888, "0.09046735259999998"], [1564119680.888, "0.09046735259999998"], [1564119681.888, "0.09046735259999998"], [1564119682.888, "0"], [1564119683.888, "0"], [1564119684.888, "0"], [1564119685.888, "0"], [1564119686.888, "0"], [1564119687.888, "0.1711310331734613"], [1564119688.888, "0.1711310331734613"], [1564119689.888, "0.1711310331734613"], [1564119690.888, "0.1711310331734613"], [1564119691.888, "0.1711310331734613"], [1564119692.888, "0"], [1564119693.888, "0"]], "mem_values": []}, {"qps": 100, "avg_cpu": 0.08862519442914905, "req_lost": 0.00900503901969385, "avg_mem": "N/A", "cpu_values": [[1564119753.963, "0"], [1564119754.963, "0"], [1564119755.963, "0"], [1564119756.963, "0"], [1564119757.963, "0"], [1564119758.963, "0"], [1564119759.963, "0"], [1564119760.963, "0"], [1564119761.963, "0"], [1564119762.963, "0.06498173178542835"], [1564119763.963, "0.06498173178542835"], [1564119764.963, "0.06498173178542835"], [1564119765.963, "0.06498173178542835"], [1564119766.963, "0.06498173178542835"], [1564119767.963, "0"], [1564119768.963, "0"], [1564119769.963, "0"], [1564119770.963, "0"], [1564119771.963, "0"], [1564119772.963, "0.3688703222"], [1564119773.963, "0.3688703222"], [1564119774.963, "0.3688703222"], [1564119775.963, "0.3688703222"], [1564119776.963, "0.3688703222"], [1564119777.963, "0"], [1564119778.963, "0"], [1564119779.963, "0"], [1564119780.963, "0"], [1564119781.963, "0"], [1564119782.963, "0"], [1564119783.963, "0"], [1564119784.963, "0"], [1564119785.963, "0"], [1564119786.963, "0"], [1564119787.963, "0.14577083343331337"], [1564119788.963, "0.14577083343331337"], [1564119789.963, "0.14577083343331337"], [1564119790.963, "0.14577083343331337"], [1564119791.963, "0.14577083343331337"], [1564119792.963, "0.21558495919999993"], [1564119793.963, "0.21558495919999993"], [1564119794.963, "0.21558495919999993"], [1564119795.963, "0.21558495919999993"], [1564119796.963, "0.21558495919999993"], [1564119797.963, "0.13391460979999986"], [1564119798.963, "0.13391460979999986"], [1564119799.963, "0.13391460979999986"], [1564119800.963, "0.13391460979999986"], [1564119801.963, "0.13391460979999986"], [1564119802.963, "0"], [1564119803.963, "0"], [1564119804.963, "0"], [1564119805.963, "0"], [1564119806.963, "0"], [1564119807.963, "0.15210491561687675"], [1564119808.963, "0.15210491561687675"], [1564119809.963, "0.15210491561687675"], [1564119810.963, "0.15210491561687675"], [1564119811.963, "0.15210491561687675"], [1564119812.963, "0"], [1564119813.963, "0"]], "mem_values": []}, {"qps": 150, "avg_cpu": 0.09138141583891125, "req_lost": 0.010188480176287484, "avg_mem": "N/A", "cpu_values": [[1564119874.265, "0"], [1564119875.265, "0"], [1564119876.265, "0"], [1564119877.265, "0"], [1564119878.265, "0.030808312199999938"], [1564119879.265, "0.030808312199999938"], [1564119880.265, "0.03080831219999993"], [1564119881.265, "0.03080831219999993"], [1564119882.265, "0.03080831219999993"], [1564119883.265, "0"], [1564119884.265, "0"], [1564119885.265, "0"], [1564119886.265, "0"], [1564119887.265, "0"], [1564119888.265, "0.18163500260052018"], [1564119889.265, "0.18163500260052018"], [1564119890.265, "0.18163500260052018"], [1564119891.265, "0.18163500260052018"], [1564119892.265, "0.18163500260052018"], [1564119893.265, "0.15691784483103388"], [1564119894.265, "0.15691784483103385"], [1564119895.265, "0.15691784483103385"], [1564119896.265, "0.15691784483103385"], [1564119897.265, "0.15691784483103385"], [1564119898.265, "0"], [1564119899.265, "0"], [1564119900.265, "0"], [1564119901.265, "0"], [1564119902.265, "0"], [1564119903.265, "0.18629337817309602"], [1564119904.265, "0.18629337817309602"], [1564119905.265, "0.18629337817309602"], [1564119906.265, "0.18629337817309602"], [1564119907.265, "0.18629337817309602"], [1564119908.265, "0.16776786214485787"], [1564119909.265, "0.16776786214485784"], [1564119910.265, "0.16776786214485784"], [1564119911.265, "0.16776786214485784"], [1564119912.265, "0.16776786214485784"], [1564119913.265, "0"], [1564119914.265, "0"], [1564119915.265, "0"], [1564119916.265, "0"], [1564119917.265, "0"], [1564119918.265, "0.14025716063212665"], [1564119919.265, "0.14025716063212665"], [1564119920.265, "0.14025716063212665"], [1564119921.265, "0.14025716063212665"], [1564119922.265, "0.14025716063212665"], [1564119923.265, "0.18255626729308277"], [1564119924.265, "0.18255626729308277"], [1564119925.265, "0.18255626729308277"], [1564119926.265, "0.18255626729308277"], [1564119927.265, "0.18255626729308277"], [1564119928.265, "0"], [1564119929.265, "0"], [1564119930.265, "0"], [1564119931.265, "0"], [1564119932.265, "0"], [1564119933.265, "0.17154361339999974"], [1564119934.265, "0.17154361339999974"]], "mem_values": []}, {"qps": 200, "avg_cpu": 0.11693389964143278, "req_lost": 0.007997067084697385, "avg_mem": "N/A",