{"pod": 25, "cpu": "50m", "values": [{"qps": 1000, "avg_cpu": 0.8623692222080395, "req_lost": 54.51682294074849, "avg_mem": "N/A", "cpu_values": [[1564087961.596, "0"], [1564087962.596, "0"], [1564087963.596, "0.33297631713056003"], [1564087964.596, "0.38635301369056"], [1564087965.596, "0.43972971025055996"], [1564087966.596, "0.49310640681055995"], [1564087967.596, "0.5337669656"], [1564087968.596, "1.5763072269041598"], [1564087969.596, "1.83227954456416"], [1564087970.596, "2.08825186222416"], [1564087971.596, "2.3442241798841597"], [1564087972.596, "2.5597231766000004"], [1564087973.596, "0.5509553214662399"], [1564087974.596, "0.6423640517062401"], [1564087975.596, "0.7337727819462401"], [1564087976.596, "0.8251815121862399"], [1564087977.596, "0.9137496007801601"], [1564087978.596, "0.8334236726"], [1564087979.596, "0.8334236726"], [1564087980.596, "0.8334236726"], [1564087981.596, "0.8334236726"], [1564087982.596, "0.8334236726"], [1564087983.596, "0.9562640469906019"], [1564087984.596, "0.9562640469906019"], [1564087985.596, "0.9562640469906015"], [1564087986.596, "0.9562640469906015"], [1564087987.596, "0.9562640469906015"], [1564087988.596, "0.7763299933986797"], [1564087989.596, "0.7763299933986797"], [1564087990.596, "0.7763299933986797"], [1564087991.596, "0.7763299933986797"], [1564087992.596, "0.7763299933986797"], [1564087993.596, "0.7396333406"], [1564087994.596, "0.7396333406"], [1564087995.596, "0.7396333406"], [1564087996.596, "0.7396333406"], [1564087997.596, "0.7396333406"], [1564087998.596, "0.9506949297999999"], [1564087999.596, "0.9506949297999999"], [1564088000.596, "0.9506949297999999"], [1564088001.596, "0.9506949297999999"], [1564088002.596, "0.9506949297999999"], [1564088003.596, "0.4574791305999999"], [1564088004.596, "0.4574791305999999"], [1564088005.596, "0.4574791305999999"], [1564088006.596, "0.4574791305999999"], [1564088007.596, "0.4574791305999999"], [1564088008.596, "1.0759815008"], [1564088009.596, "1.0759815008"], [1564088010.596, "1.0759815008"], [1564088011.596, "1.0759815008"], [1564088012.596, "1.0759815008"], [1564088013.596, "0.4968196634"], [1564088014.596, "0.4968196634"], [1564088015.596, "0.4968196634"], [1564088016.596, "0.4968196634"], [1564088017.596, "0.4968196634"], [1564088018.596, "1.229662373"], [1564088019.596, "1.229662373"], [1564088020.596, "1.229662373"], [1564088021.596, "1.229662373"]], "mem_values": []}]}