{"pod": 8, "cpu": "100m", "values": [{"qps": 800, "avg_cpu": 0.5099179136624369, "req_lost": 40.906116392534244, "avg_mem": "N/A", "cpu_values": [[1564084018.802, "0"], [1564084019.802, "0"], [1564084020.802, "0"], [1564084021.802, "0"], [1564084022.802, "0"], [1564084023.802, "0.28402640185924"], [1564084024.802, "0.32943559967924"], [1564084025.802, "0.37484479749924005"], [1564084026.802, "0.42025399531924"], [1564084027.802, "0.4540919782"], [1564084028.802, "0.77188364984576"], [1564084029.802, "0.8955760795257599"], [1564084030.802, "1.01926850920576"], [1564084031.802, "1.14296093888576"], [1564084032.802, "1.2369242968"], [1564084033.802, "0.19323847392260002"], [1564084034.802, "0.22487557822260001"], [1564084035.802, "0.25651268252259996"], [1564084036.802, "0.28814978682260006"], [1564084037.802, "0.316371043"], [1564084038.802, "0.2855965132"], [1564084039.802, "0.2855965132"], [1564084040.802, "0.2855965132"], [1564084041.802, "0.2855965132"], [1564084042.802, "0.2855965132"], [1564084043.802, "0.6863689595214356"], [1564084044.802, "0.6863689595214356"], [1564084045.802, "0.6863689595214356"], [1564084046.802, "0.6863689595214356"], [1564084047.802, "0.6863689595214356"], [1564084048.802, "0.8996242960882647"], [1564084049.802, "0.8996242960882647"], [1564084050.802, "0.8996242960882647"], [1564084051.802, "0.8996242960882647"], [1564084052.802, "0.8996242960882647"], [1564084053.802, "0.23727215259999998"], [1564084054.802, "0.23727215259999998"], [1564084055.802, "0.23727215259999998"], [1564084056.802, "0.23727215259999998"], [1564084057.802, "0.23727215259999998"], [1564084058.802, "0.8865302492"], [1564084059.802, "0.8865302492"], [1564084060.802, "0.8865302492"], [1564084061.802, "0.8865302492"], [1564084062.802, "0.8865302492"], [1564084063.802, "0.5178140166"], [1564084064.802, "0.5178140166"], [1564084065.802, "0.5178140166"], [1564084066.802, "0.5178140166"], [1564084067.802, "0.5178140166"], [1564084068.802, "0.5146419434"], [1564084069.802, "0.5146419434"], [1564084070.802, "0.5146419434"], [1564084071.802, "0.5146419434"], [1564084072.802, "0.5146419434"], [1564084073.802, "0.3588333072"], [1564084074.802, "0.3588333072"]], "mem_values": []}, {"qps": 900, "avg_cpu": 0.43610185391803286, "req_lost": 49.397991508279205, "avg_mem": "N/A", "cpu_values": [[1564084134.913, "0.000032611600000009844"], [1564084135.913, "0.000032611600000009844"], [1564084136.913, "0.000032611600000009844"], [1564084137.913, "0.0484075808"], [1564084138.913, "0.0484075808"], [1564084139.913, "0.0484075808"], [1564084140.913, "0.0484075808"], [1564084141.913, "0.0484075808"], [1564084142.913, "0.13334652180000006"], [1564084143.913, "0.13334652180000006"], [1564084144.913, "0.13334652180000006"], [1564084145.913, "0.13334652180000006"], [1564084146.913, "0.13334652180000006"], [1564084147.913, "0.3391014779999999"], [1564084148.913, "0.3391014779999999"], [1564084149.913, "0.3391014779999999"], [1564084150.913, "0.3391014779999999"], [1564084151.913, "0.3391014779999999"], [1564084152.913, "0.8182640221999999"], [1564084153.913, "0.8182640221999999"], [1564084154.913, "0.8182640221999999"], [1564084155.913, "0.8182640221999999"], [1564084156.913, "0.8182640221999999"], [1564084157.913, "0.3314405268"], [1564084158.913, "0.3314405268"], [1564084159.913, "0.3314405268"], [1564084160.913, "0.3314405268"], [1564084161.913, "0.3314405268"], [1564084162.913, "0.16813472100000001"], [1564084163.913, "0.16813472100000001"], [1564084164.913, "0.16813472100000001"], [1564084165.913, "0.16813472100000001"], [1564084166.913, "0.16813472100000001"], [1564084167.913, "0.7903232690000002"], [1564084168.913, "0.7903232690000002"], [1564084169.913, "0.7903232690000002"], [1564084170.913, "0.7903232690000002"], [1564084171.913, "0.7903232690000002"], [1564084172.913, "0.7238640524"], [1564084173.913, "0.7238640524"], [1564084174.913, "0.7238640524"], [1564084175.913, "0.7238640524"], [1564084176.913, "0.7238640524"], [1564084177.913, "0.45856150239999993"], [1564084178.913, "0.45856150239999993"], [1564084179.913, "0.45856150239999993"], [1564084180.913, "0.45856150239999993"], [1564084181.913, "0.45856150239999993"], [1564084182.913, "0.7956474102000002"], [1564084183.913, "0.7956474102000002"], [1564084184.913, "0.7956474102000002"], [1564084185.913, "0.7956474102000002"], [1564084186.913, "0.7956474102000002"], [1564084187.913, "0.43708778160000017"], [1564084188.913, "0.43708778160000017"], [1564084189.913, "0.43708778160000017"], [1564084190.913, "0.43708778160000017"], [1564084191.913, "0.43708778160000017"], [1564084192.913, "0.4604069743999999"], [1564084193.913, "0.4604069743999999"], [1564084194.913, "0.4604069743999999"]], "mem_values": []}, {"qps": 1000, "avg_cpu": 0.45972547967068067, "req_lost": 42.305543809880575, "avg_mem": "N/A", "cpu_values": [[1564084255.325, "0"], [1564084256.325, "0"], [1564084257.325, "0"], [1564084258.325, "0.014929676199999877"], [1564084259.325, "0.014929676199999875"], [1564084260.325, "0.014929676199999875"], [1564084261.325, "0.014929676199999875"], [1564084262.325, "0.014929676199999875"], [1564084263.325, "0.14839219539999998"], [1564084264.325, "0.14839219539999995"], [1564084265.325, "0.14839219539999995"], [1564084266.325, "0.14839219539999995"], [1564084267.325, "0.14839219539999995"], [1564084268.325, "0"], [1564084269.325, "0"], [1564084270.325, "0"], [1564084271.325, "0"], [1564084272.325, "0"], [1564084273.325, "1.1819576326000003"], [1564084274.325, "1.1819576326"], [1564084275.325, "1.1819576326"], [1564084276.325, "1.1819576326"], [1564084277.325, "1.1819576326"], [1564084278.325, "0.485475605"], [1564084279.325, "0.48547560499999987"], [1564084280.325, "0.48547560499999987"], [1564084281.325, "0.48547560499999987"], [1564084282.325, "0.48547560499999987"], [1564084283.325, "0"], [1564084284.325, "0"], [1564084285.325, "0"], [1564084286.325, "0"], [1564084287.325, "0"], [1564084288.325, "1.105588973210716"], [1564084289.325, "1.105588973210716"], [1564084290.325, "1.105588973210716"], [1564084291.325, "1.105588973210716"], [1564084292.325, "1.105588973210716"], [1564084293.325, "0.3510709289715885"], [1564084294.325, "0.3510709289715884"], [1564084295.325, "0.3510709289715884"], [1564084296.325, "0.3510709289715884"], [1564084297.325, "0.3510709289715884"], [1564084298.325, "0.6977688867999999"], [1564084299.325, "0.6977688867999998"], [1564084300.325, "0.6977688867999998"], [1564084301.325, "0.6977688867999998"], [1564084302.325, "0.6977688867999998"], [1564084303.325, "0.7021222072000002"], [1564084304.325, "0.7021222072000001"], [1564084305.325, "0.7021222072000001"], [1564084306.325, "0.7021222072000001"], [1564084307.325, "0.7021222072000001"], [1564084308.325, "0.7709397604000003"], [1564084309.325, "0.7709397604000002"], [1564084310.325, "0.7709397604000002"], [1564084311.325, "0.7709397604000002"], [1564084312.325, "0.7709397604000002"], [1564084313.325, "0.25067497699999997"], [1564084314.325, "0.2506749769999999"], [1564084315.325, "0.2506749769999999"]], "mem_values": []}]}