{"pod": 2, "cpu": "100m", "values": [{"qps": 100, "avg_cpu": 0.11826338890282787, "req_lost": 0.010769218447759243, "avg_mem": "N/A", "cpu_values": [[1564090068.524, "0"], [1564090069.524, "0"], [1564090070.524, "0"], [1564090071.524, "0"], [1564090072.524, "0"], [1564090073.524, "0"], [1564090074.524, "0"], [1564090075.524, "0"], [1564090076.524, "0"], [1564090077.524, "0"], [1564090078.524, "0.26597941915398154"], [1564090079.524, "0.3111435523272509"], [1564090080.524, "0.35630768550052017"], [1564090081.524, "0.40147181867378945"], [1564090082.524, "0.4466359518470588"], [1564090083.524, "0"], [1564090084.524, "0"], [1564090085.524, "0"], [1564090086.524, "0"], [1564090087.524, "0"], [1564090088.524, "0.1631034906"], [1564090089.524, "0.1631034906"], [1564090090.524, "0.1631034906"], [1564090091.524, "0.1631034906"], [1564090092.524, "0.1631034906"], [1564090093.524, "0"], [1564090094.524, "0"], [1564090095.524, "0"], [1564090096.524, "0"], [1564090097.524, "0"], [1564090098.524, "0.2526660178"], [1564090099.524, "0.2526660178"], [1564090100.524, "0.2526660178"], [1564090101.524, "0.2526660178"], [1564090102.524, "0.2526660178"], [1564090103.524, "0"], [1564090104.524, "0"], [1564090105.524, "0"], [1564090106.524, "0"], [1564090107.524, "0"], [1564090108.524, "0.21517556656656667"], [1564090109.524, "0.21517556656656667"], [1564090110.524, "0.21517556656656667"], [1564090111.524, "0.21517556656656667"], [1564090112.524, "0.21517556656656667"], [1564090113.524, "0.17119875531703438"], [1564090114.524, "0.17119875531703438"], [1564090115.524, "0.17119875531703438"], [1564090116.524, "0.17119875531703438"], [1564090117.524, "0.17119875531703438"], [1564090118.524, "0.16609843992755077"], [1564090119.524, "0.16609843992755077"], [1564090120.524, "0.16609843992755077"], [1564090121.524, "0.16609843992755077"], [1564090122.524, "0.16609843992755077"], [1564090123.524, "0"]], "mem_values": []}, {"qps": 200, "avg_cpu": 0.16577157769137818, "req_lost": 11.140406733643326, "avg_mem": "N/A", "cpu_values": [[1564090183.634, "0"], [1564090184.634, "0"], [1564090185.634, "0"], [1564090186.634, "0"], [1564090187.634, "0"], [1564090188.634, "0.018313166399999935"], [1564090189.634, "0.018313166399999935"], [1564090190.634, "0.018313166399999935"], [1564090191.634, "0.018313166399999935"], [1564090192.634, "0.018313166399999935"], [1564090193.634, "0"], [1564090194.634, "0"], [1564090195.634, "0"], [1564090196.634, "0"], [1564090197.634, "0"], [1564090198.634, "0.21722058703481392"], [1564090199.634, "0.21722058703481392"], [1564090200.634, "0.21722058703481392"], [1564090201.634, "0.21722058703481392"], [1564090202.634, "0.21722058703481392"], [1564090203.634, "0.3151351183999999"], [1564090204.634, "0.3151351183999999"], [1564090205.634, "0.3151351183999999"], [1564090206.634, "0.3151351183999999"], [1564090207.634, "0.3151351183999999"], [1564090208.634, "0.19698079059999998"], [1564090209.634, "0.19698079059999998"], [1564090210.634, "0.19698079059999998"], [1564090211.634, "0.19698079059999998"], [1564090212.634, "0.19698079059999998"], [1564090213.634, "0.1977273042"], [1564090214.634, "0.1977273042"], [1564090215.634, "0.1977273042"], [1564090216.634, "0.1977273042"], [1564090217.634, "0.1977273042"], [1564090218.634, "0"], [1564090219.634, "0"], [1564090220.634, "0"], [1564090221.634, "0"], [1564090222.634, "0"], [1564090223.634, "0.25174781060000007"], [1564090224.634, "0.25174781060000007"], [1564090225.634, "0.25174781060000007"], [1564090226.634, "0.25174781060000007"], [1564090227.634, "0.25174781060000007"], [1564090228.634, "0.2977232017999999"], [1564090229.634, "0.2977232017999999"], [1564090230.634, "0.2977232017999999"], [1564090231.634, "0.2977232017999999"], [1564090232.634, "0.2977232017999999"], [1564090233.634, "0"], [1564090234.634, "0"], [1564090235.634, "0"], [1564090236.634, "0"], [1564090237.634, "0"], [1564090238.634, "0.5275652688000001"], [1564090239.634, "0.5275652688000001"], [1564090240.634, "0.5275652688000001"], [1564090241.634, "0.5275652688000001"], [1564090242.634, "0.5275652688000001"], [1564090243.634, "0"]], "mem_values": []}, {"qps": 300, "avg_cpu": 0.1437997241330039, "req_lost": 27.51284146236266, "avg_mem": "N/A", "cpu_values": [[1564090303.919, "0"], [1564090304.919, "0"], [1564090305.919, "0"], [1564090306.919, "0"], [1564090307.919, "0.058541524199999986"], [1564090308.919, "0.058541524199999986"], [1564090309.919, "0.058541524199999986"], [1564090310.919, "0.058541524199999986"], [1564090311.919, "0.058541524199999986"], [1564090312.919, "0"], [1564090313.919, "0"], [1564090314.919, "0"], [1564090315.919, "0"], [1564090316.919, "0"], [1564090317.919, "0.21420014922984612"], [1564090318.919, "0.21420014922984612"], [1564090319.919, "0.21420014922984612"], [1564090320.919, "0.21420014922984612"], [1564090321.919, "0.21420014922984612"], [1564090322.919, "0.23584698499999987"], [1564090323.919, "0.23584698499999987"], [1564090324.919, "0.23584698499999987"], [1564090325.919, "0.23584698499999987"], [1564090326.919, "0.23584698499999987"], [1564090327.919, "0"], [1564090328.919, "0"], [1564090329.919, "0"], [1564090330.919, "0"], [1564090331.919, "0"], [1564090332.919, "0.23517236699999983"], [1564090333.919, "0.23517236699999983"], [1564090334.919, "0.23517236699999983"], [1564090335.919, "0.23517236699999983"], [1564090336.919, "0.23517236699999983"], [1564090337.919, "0.2181792714"], [1564090338.919, "0.2181792714"], [1564090339.919, "0.2181792714"], [1564090340.919, "0.2181792714"], [1564090341.919, "0.2181792714"], [1564090342.919, "0"], [1564090343.919, "0"], [1564090344.919, "0"], [1564090345.919, "0"], [1564090346.919, "0"], [1564090347.919, "0.33152266520000034"], [1564090348.919, "0.33152266520000034"], [1564090349.919, "0.33152266520000034"], [1564090350.919, "0.33152266520000034"], [1564090351.919, "0.33152266520000034"], [1564090352.919, "0.3640016364000001"], [1564090353.919, "0.3640016364000001"], [1564090354.919, "0.3640016364000001"], [1564090355.919, "0.3640016364000001"], [1564090356.919, "0.3640016364000001"], [1564090357.919, "0"], [1564090358.919, "0"], [1564090359.919, "0"], [1564090360.919, "0"], [1564090361.919, "0"], [1564090362.919, "0.24223008998200352"], [1564090363.919, "0.24223008998200352"]], "mem_values": []}, {"qps": 400, "avg_cpu": 0.15631922822627137, "req_lost": 45.328703536808405, "avg_mem": "N/A",