{"pod": 1, "cpu": "100m", "values": [{"qps": 100, "avg_cpu": 0.08330622090660028, "req_lost": 6.368109814798695, "avg_mem": "N/A", "cpu_values": [[1564089568.206, "0"], [1564089569.206, "0"], [1564089570.206, "0"], [1564089571.206, "0"], [1564089572.206, "0"], [1564089573.206, "0"], [1564089574.206, "0"], [1564089575.206, "0"], [1564089576.206, "0"], [1564089577.206, "0"], [1564089578.206, "0"], [1564089579.206, "0"], [1564089580.206, "0"], [1564089581.206, "0"], [1564089582.206, "0"], [1564089583.206, "0.15220225712500995"], [1564089584.206, "0.17978373057933783"], [1564089585.206, "0.2073652040336657"], [1564089586.206, "0.23494667748799358"], [1564089587.206, "0.26252815094232146"], [1564089588.206, "0"], [1564089589.206, "0"], [1564089590.206, "0"], [1564089591.206, "0"], [1564089592.206, "0"], [1564089593.206, "0.23955236054421772"], [1564089594.206, "0.23955236054421772"], [1564089595.206, "0.23955236054421772"], [1564089596.206, "0.23955236054421772"], [1564089597.206, "0.23955236054421772"], [1564089598.206, "0"], [1564089599.206, "0"], [1564089600.206, "0"], [1564089601.206, "0"], [1564089602.206, "0"], [1564089603.206, "0"], [1564089604.206, "0"], [1564089605.206, "0"], [1564089606.206, "0"], [1564089607.206, "0"], [1564089608.206, "0.27343898580000003"], [1564089609.206, "0.27343898580000003"], [1564089610.206, "0.27343898580000003"], [1564089611.206, "0.27343898580000003"], [1564089612.206, "0.27343898580000003"], [1564089613.206, "0"], [1564089614.206, "0"], [1564089615.206, "0"], [1564089616.206, "0"], [1564089617.206, "0"], [1564089618.206, "0"], [1564089619.206, "0"], [1564089620.206, "0"], [1564089621.206, "0"], [1564089622.206, "0"], [1564089623.206, "0.3283210703999999"], [1564089624.206, "0.3283210703999999"], [1564089625.206, "0.3283210703999999"], [1564089626.206, "0.3283210703999999"]], "mem_values": []}, {"qps": 200, "avg_cpu": 0.07574276112613339, "req_lost": 34.33575336577337, "avg_mem": "N/A", "cpu_values": [[1564089686.421, "0"], [1564089687.421, "0"], [1564089688.421, "0"], [1564089689.421, "0"], [1564089690.421, "0"], [1564089691.421, "0"], [1564089692.421, "0"], [1564089693.421, "0.08114002860572114"], [1564089694.421, "0.08114002860572114"], [1564089695.421, "0.08114002860572114"], [1564089696.421, "0.08114002860572114"], [1564089697.421, "0.08114002860572114"], [1564089698.421, "0"], [1564089699.421, "0"], [1564089700.421, "0"], [1564089701.421, "0"], [1564089702.421, "0"], [1564089703.421, "0"], [1564089704.421, "0"], [1564089705.421, "0"], [1564089706.421, "0"], [1564089707.421, "0"], [1564089708.421, "0.3416176438000001"], [1564089709.421, "0.3416176438000001"], [1564089710.421, "0.3416176438000001"], [1564089711.421, "0.3416176438000001"], [1564089712.421, "0.3416176438000001"], [1564089713.421, "0"], [1564089714.421, "0"], [1564089715.421, "0"], [1564089716.421, "0"], [1564089717.421, "0"], [1564089718.421, "0"], [1564089719.421, "0"], [1564089720.421, "0"], [1564089721.421, "0"], [1564089722.421, "0"], [1564089723.421, "0.2944015127331061"], [1564089724.421, "0.2944015127331061"], [1564089725.421, "0.2944015127331061"], [1564089726.421, "0.2944015127331061"], [1564089727.421, "0.2944015127331061"], [1564089728.421, "0"], [1564089729.421, "0"], [1564089730.421, "0"], [1564089731.421, "0"], [1564089732.421, "0"], [1564089733.421, "0.20690250060000004"], [1564089734.421, "0.20690250060000004"], [1564089735.421, "0.20690250060000004"], [1564089736.421, "0.20690250060000004"], [1564089737.421, "0.20690250060000004"], [1564089738.421, "0"], [1564089739.421, "0"], [1564089740.421, "0"], [1564089741.421, "0"], [1564089742.421, "0"], [1564089743.421, "0"], [1564089744.421, "0"], [1564089745.421, "0"], [1564089746.421, "0"]], "mem_values": []}, {"qps": 300, "avg_cpu": 0.07781578981967216, "req_lost": 52.28629387015633, "avg_mem": "N/A", "cpu_values": [[1564089806.578, "0"], [1564089807.578, "0"], [1564089808.578, "0"], [1564089809.578, "0"], [1564089810.578, "0"], [1564089811.578, "0"], [1564089812.578, "0"], [1564089813.578, "0.07151605320000023"], [1564089814.578, "0.07151605320000023"], [1564089815.578, "0.07151605320000023"], [1564089816.578, "0.07151605320000023"], [1564089817.578, "0.07151605320000023"], [1564089818.578, "0"], [1564089819.578, "0"], [1564089820.578, "0"], [1564089821.578, "0"], [1564089822.578, "0"], [1564089823.578, "0"], [1564089824.578, "0"], [1564089825.578, "0"], [1564089826.578, "0"], [1564089827.578, "0"], [1564089828.578, "0"], [1564089829.578, "0"], [1564089830.578, "0"], [1564089831.578, "0"], [1564089832.578, "0"], [1564089833.578, "0.3556982943999998"], [1564089834.578, "0.3556982943999998"], [1564089835.578, "0.3556982943999998"], [1564089836.578, "0.3556982943999998"], [1564089837.578, "0.3556982943999998"], [1564089838.578, "0"], [1564089839.578, "0"], [1564089840.578, "0"], [1564089841.578, "0"], [1564089842.578, "0"], [1564089843.578, "0.2392633022000002"], [1564089844.578, "0.2392633022000002"], [1564089845.578, "0.2392633022000002"], [1564089846.578, "0.2392633022000002"], [1564089847.578, "0.2392633022000002"], [1564089848.578, "0"], [1564089849.578, "0"], [1564089850.578, "0"], [1564089851.578, "0"], [1564089852.578, "0"], [1564089853.578, "0"], [1564089854.578, "0"], [1564089855.578, "0"], [1564089856.578, "0"], [1564089857.578, "0"], [1564089858.578, "0.2828749860000002"], [1564089859.578, "0.2828749860000002"], [1564089860.578, "0.2828749860000002"], [1564089861.578, "0.2828749860000002"], [1564089862.578, "0.2828749860000002"], [1564089863.578, "0"], [1564089864.578, "0"], [1564089865.578, "0"], [1564089866.578, "0"]], "mem_values": []}, {"qps": 400, "avg_cpu": 0.06737522057377049, "req_lost": 65.63061987013677, "avg_mem": "N/A", "cpu_values": [[1564089926.819, "0"], [1564089927.819, "0"], [1564089928.819, "0"], [1564089929.819, "0"], [1564089930.819, "0"], [1564089931.819, "0"], [1564089932.819, "0"], [1564089933.819, "0"], [1564089934.819, "0"], [1564089935.819, "0"], [1564089936.819, "0"], [1564089937.819, "0"], [1564089938.819, "0.1983934695999999"], [1564089939.819, "0.19839346959999987"], [1564089940.819, "0.19839346959999987"], [1564089941.819, "0.19839346959999987"], [1564089942.819, "0.19839346959999987"], [1564089943.819, "0"], [1564089944.819, "0"], [1564089945.819, "0"], [1564089946.819, "0"], [1564089947.819, "0"], [1564089948.819, "0"], [1564089949.819, "0"], [1564089950.819, "0"], [1564089951.819, "0"], [1564089952.819, "0"], [1564089953.819, "0.23478571120000002"], [1564089954.819, "0.23478571119999997"], [1564089955.819, "0.23478571119999997"], [1564089956.819, "0.23478571119999997"], [1564089957.819, "0.23478571119999997"], [1564089958.819, "0"], [1564089959.819, "0"], [1564089960.819, "0"], [1564089961.819, "0"], [1564089962.819, "0"], [1564089963.819, "0"], [1564089964.819, "0"], [1564089965.819, "0"], [1564089966.819, "0"], [1564089967.819, "0"], [1564089968.819, "0"], [1564089969.819, "0"], [1564089970.819, "0"], [1564089971.819, "0"], [1564089972.819, "0"], [1564089973.819, "0.3887985102000003"], [1564089974.819, "0.38879851020000017"], [1564089975.819, "0.38879851020000017"], [1564089976.819, "0.38879851020000017"], [1564089977.819, "0.38879851020000017"], [1564089978.819, "0"], [1564089979.819, "0"], [1564089980.819, "0"], [1564089981.819, "0"], [1564089982.819, "0"], [1564089983.819, "0"], [1564089984.819, "0"], [1564089985.819, "0"], [1564089986.819, "0"]], "mem_values": []}]}