{"pod": 5, "cpu": "100m", "values": [{"qps": 100, "avg_cpu": 0.1944283557621262, "req_lost": 0.011913960406351176, "avg_mem": "N/A", "cpu_values": [[1564090568.233, "0"], [1564090569.233, "0"], [1564090570.233, "0"], [1564090571.233, "0"], [1564090572.233, "0"], [1564090573.233, "0.11304612832864"], [1564090574.233, "0.13317032960864"], [1564090575.233, "0.15329453088864"], [1564090576.233, "0.17341873216863998"], [1564090577.233, "0.19354293344864"], [1564090578.233, "0.25345101965845995"], [1564090579.233, "0.29864766507845997"], [1564090580.233, "0.34384431049846"], [1564090581.233, "0.38904095591846"], [1564090582.233, "0.43423760133846"], [1564090583.233, "0.3685798083743216"], [1564090584.233, "0.4198424601101555"], [1564090585.233, "0.4711051118459895"], [1564090586.233, "0.5223677635818236"], [1564090587.233, "0.5736304153176577"], [1564090588.233, "0"], [1564090589.233, "0"], [1564090590.233, "0"], [1564090591.233, "0"], [1564090592.233, "0"], [1564090593.233, "0.2358229998"], [1564090594.233, "0.2358229998"], [1564090595.233, "0.2358229998"], [1564090596.233, "0.2358229998"], [1564090597.233, "0.2358229998"], [1564090598.233, "0.2218513706"], [1564090599.233, "0.2218513706"], [1564090600.233, "0.2218513706"], [1564090601.233, "0.2218513706"], [1564090602.233, "0.2218513706"], [1564090603.233, "0.1480753586"], [1564090604.233, "0.1480753586"], [1564090605.233, "0.1480753586"], [1564090606.233, "0.1480753586"], [1564090607.233, "0.1480753586"], [1564090608.233, "0.08669704840000003"], [1564090609.233, "0.08669704840000003"], [1564090610.233, "0.08669704840000003"], [1564090611.233, "0.08669704840000003"], [1564090612.233, "0.08669704840000003"], [1564090613.233, "0.22216684459999997"], [1564090614.233, "0.22216684459999997"], [1564090615.233, "0.22216684459999997"], [1564090616.233, "0.22216684459999997"], [1564090617.233, "0.22216684459999997"], [1564090618.233, "0.354890037"], [1564090619.233, "0.354890037"], [1564090620.233, "0.354890037"], [1564090621.233, "0.354890037"], [1564090622.233, "0.354890037"], [1564090623.233, "0.07063373219999995"], [1564090624.233, "0.07063373219999995"], [1564090625.233, "0.07063373219999995"], [1564090626.233, "0.07063373219999995"]], "mem_values": []}, {"qps": 200, "avg_cpu": 0.21828448772279987, "req_lost": 0.009247404775958312, "avg_mem": "N/A", "cpu_values": [[1564090686.529, "0"], [1564090687.529, "0"], [1564090688.529, "0"], [1564090689.529, "0"], [1564090690.529, "0"], [1564090691.529, "0"], [1564090692.529, "0"], [1564090693.529, "0.19172308780000005"], [1564090694.529, "0.19172308780000005"], [1564090695.529, "0.19172308780000005"], [1564090696.529, "0.19172308780000005"], [1564090697.529, "0.19172308780000005"], [1564090698.529, "0.13402425899999998"], [1564090699.529, "0.13402425899999998"], [1564090700.529, "0.13402425899999998"], [1564090701.529, "0.13402425899999998"], [1564090702.529, "0.13402425899999998"], [1564090703.529, "0.13750900459999996"], [1564090704.529, "0.13750900459999996"], [1564090705.529, "0.13750900459999996"], [1564090706.529, "0.13750900459999996"], [1564090707.529, "0.13750900459999996"], [1564090708.529, "0.40178935000000005"], [1564090709.529, "0.40178935000000005"], [1564090710.529, "0.40178935000000005"], [1564090711.529, "0.40178935000000005"], [1564090712.529, "0.40178935000000005"], [1564090713.529, "0.4473296512"], [1564090714.529, "0.4473296512"], [1564090715.529, "0.4473296512"], [1564090716.529, "0.4473296512"], [1564090717.529, "0.4473296512"], [1564090718.529, "0"], [1564090719.529, "0"], [1564090720.529, "0"], [1564090721.529, "0"], [1564090722.529, "0"], [1564090723.529, "0.3387341426000001"], [1564090724.529, "0.3387341426000001"], [1564090725.529, "0.3387341426000001"], [1564090726.529, "0.3387341426000001"], [1564090727.529, "0.3387341426000001"], [1564090728.529, "0.5854580447999997"], [1564090729.529, "0.5854580447999997"], [1564090730.529, "0.5854580447999997"], [1564090731.529, "0.5854580447999997"], [1564090732.529, "0.5854580447999997"], [1564090733.529, "0"], [1564090734.529, "0"], [1564090735.529, "0"], [1564090736.529, "0"], [1564090737.529, "0"], [1564090738.529, "0.2769281174825174"], [1564090739.529, "0.2769281174825174"], [1564090740.529, "0.2769281174825174"], [1564090741.529, "0.2769281174825174"], [1564090742.529, "0.2769281174825174"], [1564090743.529, "0.18696886591955159"], [1564090744.529, "0.18696886591955159"], [1564090745.529, "0.18696886591955159"], [1564090746.529, "0.18696886591955159"]], "mem_values": []}, {"qps": 300, "avg_cpu": "N/A", "req_lost": "N/A", "avg_mem": "N/A", "cpu_values": [], "mem_values": []}, {"qps": 400, "avg_cpu": 0.3037564506876093, "req_lost": 34.42789308300205, "avg_mem": "N/A", "cpu_values": [[1564090873.198, "0"], [1564090874.198, "0"], [1564090875.198, "0"], [1564090876.198, "0"], [1564090877.198, "0"], [1564090878.198, "0.10164088720000014"], [1564090879.198, "0.10164088720000014"], [1564090880.198, "0.10164088720000014"], [1564090881.198, "0.10164088720000014"], [1564090882.198, "0.10164088720000014"], [1564090883.198, "0.23919694660000007"], [1564090884.198, "0.23919694660000007"], [1564090885.198, "0.23919694660000007"], [1564090886.198, "0.23919694660000007"], [1564090887.198, "0.23919694660000007"], [1564090888.198, "0.40379687640000006"], [1564090889.198, "0.40379687640000006"], [1564090890.198, "0.40379687640000006"], [1564090891.198, "0.40379687640000006"], [1564090892.198, "0.40379687640000006"], [1564090893.198, "0.403119424344718"], [1564090894.198, "0.403119424344718"], [1564090895.198, "0.403119424344718"], [1564090896.198, "0.403119424344718"], [1564090897.198, "0.403119424344718"], [1564090898.198, "0.1703139719983883"], [1564090899.198, "0.1703139719983883"], [1564090900.198, "0.1703139719983883"], [1564090901.198, "0.1703139719983883"], [1564090902.198, "0.1703139719983883"], [1564090903.198, "0.5600905260000001"], [1564090904.198, "0.5600905260000001"], [1564090905.198, "0.5600905260000001"], [1564090906.198, "0.5600905260000001"], [1564090907.198, "0.5600905260000001"], [1564090908.198, "0.5042676409999998"], [1564090909.198, "0.5042676409999998"], [1564090910.198, "0.5042676409999998"], [1564090911.198, "0.5042676409999998"], [1564090912.198, "0.5042676409999998"], [1564090913.198, "0"], [1564090914.198, "0"], [1564090915.198, "0"], [1564090916.198, "0"], [1564090917.198, "0"], [1564090918.198, "0.5015877968406321"], [1564090919.198, "0.5015877968406321"], [1564090920.198, "0.5015877968406321"], [1564090921.198, "0.5015877968406321"], [1564090922.198, "0.5015877968406321"], [1564090923.198, "0.7610633378675737"], [1564090924.198, "0.7610633378675737"], [1564090925.198, "0.7610633378675737"], [1564090926.198, "0.7610633378675737"], [1564090927.198, "0.7610633378675737"], [1564090928.198, "0"], [1564090929.198, "0"], [1564090930.198, "0"], [1564090931.198, "0"], [1564090932.198, "0"]], "mem_values": []}, {"qps": 500, "avg_cpu": 0.3781588555949512, "req_lost": 10.657785157011347, "avg_mem": "N/A",