{"pod": 25, "cpu": "50m", "values": [{"qps": 1000, "avg_cpu": 0.7224020073595319, "req_lost": 69.28856027927111, "avg_mem": "N/A", "cpu_values": [[1564087402.307, "0.10102913500000002"], [1564087403.307, "1.07366278391686"], [1564087404.307, "1.2528838356968601"], [1564087405.307, "1.43210488747686"], [1564087406.307, "1.6113259392568597"], [1564087407.307, "1.7719049439989798"], [1564087408.307, "0.66216686012388"], [1564087409.307, "0.77701222136388"], [1564087410.307, "0.8918575826038802"], [1564087411.307, "1.00670294384388"], [1564087412.307, "1.12154830508388"], [1564087413.307, "0.52298878694704"], [1564087414.307, "0.5588896648670401"], [1564087415.307, "0.59479054278704"], [1564087416.307, "0.63069142070704"], [1564087417.307, "0.6665922986270401"], [1564087418.307, "1.0953654423776402"], [1564087419.307, "1.1010105925334397"], [1564087420.307, "1.1010105925334397"], [1564087421.307, "1.1010105925334397"], [1564087422.307, "1.1010105925334397"], [1564087423.307, "1.3096160226431575"], [1564087424.307, "1.3399015402602683"], [1564087425.307, "1.342762854738529"], [1564087426.307, "1.342762854738529"], [1564087427.307, "1.342762854738529"], [1564087428.307, "0.4486694754"], [1564087429.307, "0.4486694754"], [1564087430.307, "0.4486694754"], [1564087431.307, "0.4486694754"], [1564087432.307, "0.4486694754"], [1564087433.307, "0.595423302"], [1564087434.307, "0.595423302"], [1564087435.307, "0.595423302"], [1564087436.307, "0.595423302"], [1564087437.307, "0.595423302"], [1564087438.307, "0.8016449697999999"], [1564087439.307, "0.8016449697999999"], [1564087440.307, "0.8016449697999999"], [1564087441.307, "0.8016449697999999"], [1564087442.307, "0.8016449697999999"], [1564087443.307, "0.1985600566"], [1564087444.307, "0.1985600566"], [1564087445.307, "0.1985600566"], [1564087446.307, "0.1985600566"], [1564087447.307, "0.1985600566"], [1564087448.307, "0.49835359440000004"], [1564087449.307, "0.49835359440000004"], [1564087450.307, "0.49835359440000004"], [1564087451.307, "0.49835359440000004"], [1564087452.307, "0.49835359440000004"], [1564087453.307, "0.7201165596000001"], [1564087454.307, "0.7201165596000001"], [1564087455.307, "0.7201165596000001"], [1564087456.307, "0.7201165596000001"], [1564087457.307, "0.7201165596000001"], [1564087458.307, "0.17986331360000007"], [1564087459.307, "0.17986331360000007"], [1564087460.307, "0.17986331360000007"], [1564087461.307, "0.17986331360000007"], [1564087462.307, "0.17986331360000007"]], "mem_values": []}]}