{"pod": 3, "cpu": "1", "values": [{"qps": 0, "avg_cpu": 0.05107132193729926, "req_lost": 0.016035999721353278, "avg_mem": 1559633.3313896302, "cpu_values": [[1563559213.439, "0"], [1563559214.439, "0"], [1563559215.439, "0"], [1563559216.439, "0"], [1563559217.439, "0"], [1563559218.439, "0"], [1563559219.439, "0"], [1563559220.439, "0"], [1563559221.439, "0"], [1563559222.439, "0"], [1563559223.439, "0.23666098047146"], [1563559224.439, "0.27586189981146003"], [1563559225.439, "0.31506281915146006"], [1563559226.439, "0.35426373849146"], [1563559227.439, "0.3920091934"], [1563559228.439, "0.11296488679208001"], [1563559229.439, "0.13158931311208003"], [1563559230.439, "0.15021373943208"], [1563559231.439, "0.16883816575208"], [1563559232.439, "0.1862442632"], [1563559233.439, "0.01195502679999998"], [1563559234.439, "0.01195502679999998"], [1563559235.439, "0.01195502679999998"], [1563559236.439, "0.01195502679999998"], [1563559237.439, "0.01195502679999998"], [1563559238.439, "0"], [1563559239.439, "0"], [1563559240.439, "0"], [1563559241.439, "0"], [1563559242.439, "0"], [1563559243.439, "0.026998642200000013"], [1563559244.439, "0.026998642200000013"], [1563559245.439, "0.026998642200000013"], [1563559246.439, "0.026998642200000013"], [1563559247.439, "0.026998642200000013"], [1563559248.439, "0"], [1563559249.439, "0"], [1563559250.439, "0"], [1563559251.439, "0"], [1563559252.439, "0"], [1563559253.439, "0.016530734000000002"], [1563559254.439, "0.016530734000000002"], [1563559255.439, "0.016530734000000002"], [1563559256.439, "0.016530734000000002"], [1563559257.439, "0.016530734000000002"], [1563559258.439, "0.024415480399999988"], [1563559259.439, "0.024415480399999988"], [1563559260.439, "0.024415480399999988"], [1563559261.439, "0.024415480399999988"], [1563559262.439, "0.024415480399999988"], [1563559263.439, "0.008660741999999999"], [1563559264.439, "0.008660741999999999"], [1563559265.439, "0.008660741999999999"], [1563559266.439, "0.008660741999999999"]], "mem_values": [[1563559213.439, "0"], [1563559214.439, "0"], [1563559215.439, "0"], [1563559216.439, "0"], [1563559217.439, "0"], [1563559218.439, "0"], [1563559219.439, "0"], [1563559220.439, "0"], [1563559221.439, "0"], [1563559222.439, "0"], [1563559223.439, "7911555.399679999"], [1563559224.439, "9084322.119679999"], [1563559225.439, "10257088.839680001"], [1563559226.439, "11429855.55968"], [1563559227.439, "11727667.2"], [1563559228.439, "3962884.01408"], [1563559229.439, "4533948.3340799995"], [1563559230.439, "5105012.65408"], [1563559231.439, "5676076.974079999"], [1563559232.439, "5710643.2"], [1563559233.439, "337510.4"], [1563559234.439, "337510.4"], [1563559235.439, "337510.4"], [1563559236.439, "337510.4"], [1563559237.439, "337510.4"], [1563559238.439, "0"], [1563559239.439, "0"], [1563559240.439, "0"], [1563559241.439, "0"], [1563559242.439, "0"], [1563559243.439, "663552"], [1563559244.439, "663552"], [1563559245.439, "663552"], [1563559246.439, "663552"], [1563559247.439, "663552"], [1563559248.439, "0"], [1563559249.439, "0"], [1563559250.439, "0"], [1563559251.439, "0"], [1563559252.439, "0"], [1563559253.439, "236748.8"], [1563559254.439, "236748.8"], [1563559255.439, "236748.8"], [1563559256.439, "236748.8"], [1563559257.439, "236748.8"], [1563559258.439, "443187.2"], [1563559259.439, "443187.2"], [1563559260.439, "443187.2"], [1563559261.439, "443187.2"], [1563559262.439, "443187.2"], [1563559263.439, "104038.4"], [1563559264.439, "104038.4"], [1563559265.439, "104038.4"], [1563559266.439, "104038.4"]]}, {"qps": 100, "avg_cpu": 0.09437300752415083, "req_lost": 34.803780310665346, "avg_mem": 807363.4894780881, "cpu_values": [[1563559326.737, "0"], [1563559327.737, "0"], [1563559328.737, "0.014424762457474491"], [1563559329.737, "0.014424762457474491"], [1563559330.737, "0.014424762457474491"], [1563559331.737, "0.014424762457474491"], [1563559332.737, "0.014424762457474491"], [1563559333.737, "0"], [1563559334.737, "0"], [1563559335.737, "0"], [1563559336.737, "0"], [1563559337.737, "0"], [1563559338.737, "0"], [1563559339.737, "0"], [1563559340.737, "0"], [1563559341.737, "0"], [1563559342.737, "0"], [1563559343.737, "0.23810005719999994"], [1563559344.737, "0.23810005719999994"], [1563559345.737, "0.23810005719999994"], [1563559346.737, "0.23810005719999994"], [1563559347.737, "0.23810005719999994"], [1563559348.737, "0.15457256059999996"], [1563559349.737, "0.15457256059999996"], [1563559350.737, "0.15457256059999996"], [1563559351.737, "0.15457256059999996"], [1563559352.737, "0.15457256059999996"], [1563559353.737, "0"], [1563559354.737, "0"], [1563559355.737, "0"], [1563559356.737, "0"], [1563559357.737, "0"], [1563559358.737, "0.2355739413178451"], [1563559359.737, "0.2355739413178451"], [1563559360.737, "0.2355739413178451"], [1563559361.737, "0.2355739413178451"], [1563559362.737, "0.2355739413178451"], [1563559363.737, "0.14906855820000003"], [1563559364.737, "0.14906855820000003"], [1563559365.737, "0.14906855820000003"], [1563559366.737, "0.14906855820000003"], [1563559367.737, "0.14906855820000003"], [1563559368.737, "0.17315289499999995"], [1563559369.737, "0.17315289499999995"], [1563559370.737, "0.17315289499999995"], [1563559371.737, "0.17315289499999995"], [1563559372.737, "0.17315289499999995"], [1563559373.737, "0"], [1563559374.737, "0"], [1563559375.737, "0"], [1563559376.737, "0"], [1563559377.737, "0"], [1563559378.737, "0.11095951099999998"], [1563559379.737, "0.11095951099999998"], [1563559380.737, "0.11095951099999998"], [1563559381.737, "0.11095951099999998"], [1563559382.737, "0.11095951099999998"]], "mem_values": [[1563559326.737, "0"], [1563559327.737, "0"], [1563559328.737, "104920.55233139885"], [1563559329.737, "104920.55233139885"], [1563559330.737, "104920.55233139885"], [1563559331.737, "104920.55233139885"], [1563559332.737, "104920.55233139885"], [1563559333.737, "0"], [1563559334.737, "0"], [1563559335.737, "0"], [1563559336.737, "0"], [1563559337.737, "0"], [1563559338.737, "0"], [1563559339.737, "0"], [1563559340.737, "0"], [1563559341.737, "0"], [1563559342.737, "0"], [1563559343.737, "370278.4"], [1563559344.737, "370278.4"], [1563559345.737, "370278.4"], [1563559346.737, "370278.4"], [1563559347.737, "370278.4"], [1563559348.737, "141721.6"], [1563559349.737, "141721.6"], [1563559350.737, "141721.6"], [1563559351.737, "141721.6"], [1563559352.737, "141721.6"], [1563559353.737, "0"], [1563559354.737, "0"], [1563559355.737, "0"], [1563559356.737, "0"], [1563559357.737, "0"], [1563559358.737, "120591.22771880633"], [1563559359.737, "120591.22771880633"], [1563559360.737, "120591.22771880633"], [1563559361.737, "120591.22771880633"], [1563559362.737, "120591.22771880633"], [1563559363.737, "301465.6"], [1563559364.737, "301465.6"], [1563559365.737, "301465.6"], [1563559366.737, "301465.6"], [1563559367.737, "301465.6"], [1563559368.737, "8119910.4"], [1563559369.737, "8119910.4"], [1563559370.737, "8119910.4"], [1563559371.737, "8119910.4"], [1563559372.737, "8119910.4"], [1563559373.737, "0"], [1563559374.737, "0"], [1563559375.737, "0"], [1563559376.737, "0"], [1563559377.737, "0"], [1563559378.737, "45056"], [1563559379.737, "45056"], [1563559380.737, "45056"], [1563559381.737, "45056"], [1563559382.737, "45056"]]}]}