{"pod": 7, "cpu": "1", "values": [{"qps": 0, "avg_cpu": 0.1002738421058223, "req_lost": 0.010126376127872483, "avg_mem": 2919673.7142972294, "cpu_values": [[1563567858.795, "0"], [1563567859.795, "0"], [1563567860.795, "0"], [1563567861.795, "0"], [1563567862.795, "0"], [1563567863.795, "0.23645294982199994"], [1563567864.795, "0.26868748974199996"], [1563567865.795, "0.29474269071099995"], [1563567866.795, "0.31330264547099995"], [1563567867.795, "0.32234539919999994"], [1563567868.795, "0.569134229437"], [1563567869.795, "0.6472102007569999"], [1563567870.795, "0.717511224849"], [1563567871.795, "0.7639362319279999"], [1563567872.795, "0.7807597131999999"], [1563567873.795, "0"], [1563567874.795, "0"], [1563567875.795, "0"], [1563567876.795, "0"], [1563567877.795, "0"], [1563567878.795, "0.008068268200000017"], [1563567879.795, "0.008068268200000017"], [1563567880.795, "0.008068268200000017"], [1563567881.795, "0.008068268200000017"], [1563567882.795, "0.008068268200000017"], [1563567883.795, "0.03056808379999998"], [1563567884.795, "0.03056808379999998"], [1563567885.795, "0.03056808379999998"], [1563567886.795, "0.03056808379999998"], [1563567887.795, "0.03056808379999998"], [1563567888.795, "0"], [1563567889.795, "0"], [1563567890.795, "0"], [1563567891.795, "0"], [1563567892.795, "0"], [1563567893.795, "0.017309207940645693"], [1563567894.795, "0.017309207940645693"], [1563567895.795, "0.017309207940645693"], [1563567896.795, "0.017309207940645693"], [1563567897.795, "0.017309207940645693"], [1563567898.795, "0.0272165188"], [1563567899.795, "0.0272165188"], [1563567900.795, "0.0272165188"], [1563567901.795, "0.0272165188"], [1563567902.795, "0.0272165188"], [1563567903.795, "0"], [1563567904.795, "0"], [1563567905.795, "0"], [1563567906.795, "0"], [1563567907.795, "0"], [1563567908.795, "0.03703362940000001"], [1563567909.795, "0.03703362940000001"], [1563567910.795, "0.03703362940000001"], [1563567911.795, "0.03703362940000001"], [1563567912.795, "0.03703362940000001"]], "mem_values": [[1563567858.795, "0"], [1563567859.795, "0"], [1563567860.795, "0"], [1563567861.795, "0"], [1563567862.795, "0"], [1563567863.795, "7556202.496"], [1563567864.795, "8077869.056"], [1563567865.795, "8599535.616"], [1563567866.795, "8766259.2"], [1563567867.795, "8766259.2"], [1563567868.795, "19596582.911999997"], [1563567869.795, "20914356.224"], [1563567870.795, "22001598.464"], [1563567871.795, "22588620.799999997"], [1563567872.795, "22588620.799999997"], [1563567873.795, "0"], [1563567874.795, "0"], [1563567875.795, "0"], [1563567876.795, "0"], [1563567877.795, "0"], [1563567878.795, "819.2"], [1563567879.795, "819.2"], [1563567880.795, "819.2"], [1563567881.795, "819.2"], [1563567882.795, "819.2"], [1563567883.795, "629145.6000000001"], [1563567884.795, "629145.6000000001"], [1563567885.795, "629145.6000000001"], [1563567886.795, "629145.6000000001"], [1563567887.795, "629145.6000000001"], [1563567888.795, "0"], [1563567889.795, "0"], [1563567890.795, "0"], [1563567891.795, "0"], [1563567892.795, "0"], [1563567893.795, "423809.1036695408"], [1563567894.795, "423809.1036695408"], [1563567895.795, "423809.1036695408"], [1563567896.795, "423809.1036695408"], [1563567897.795, "423809.1036695408"], [1563567898.795, "732364.8"], [1563567899.795, "732364.8"], [1563567900.795, "732364.8"], [1563567901.795, "732364.8"], [1563567902.795, "732364.8"], [1563567903.795, "0"], [1563567904.795, "0"], [1563567905.795, "0"], [1563567906.795, "0"], [1563567907.795, "0"], [1563567908.795, "439091.2"], [1563567909.795, "439091.2"], [1563567910.795, "439091.2"], [1563567911.795, "439091.2"], [1563567912.795, "439091.2"]]}, {"qps": 100, "avg_cpu": 0.13264952069771688, "req_lost": 0.006933467570258145, "avg_mem": 2720359.18459577, "cpu_values": [[1563567973.021, "0"], [1563567974.021, "0"], [1563567975.021, "0"], [1563567976.021, "0"], [1563567977.021, "0"], [1563567978.021, "0.0366638108"], [1563567979.021, "0.0366638108"], [1563567980.021, "0.0366638108"], [1563567981.021, "0.0366638108"], [1563567982.021, "0.0366638108"], [1563567983.021, "0.04034171640000004"], [1563567984.021, "0.04034171640000004"], [1563567985.021, "0.04034171640000004"], [1563567986.021, "0.04034171640000004"], [1563567987.021, "0.04034171640000004"], [1563567988.021, "0.000017515999999995202"], [1563567989.021, "0.000017515999999995202"], [1563567990.021, "0.000017515999999995202"], [1563567991.021, "0.000017515999999995202"], [1563567992.021, "0.000017515999999995202"], [1563567993.021, "0.30952275999999995"], [1563567994.021, "0.30952275999999995"], [1563567995.021, "0.30952275999999995"], [1563567996.021, "0.30952275999999995"], [1563567997.021, "0.30952275999999995"], [1563567998.021, "0"], [1563567999.021, "0"], [1563568000.021, "0"], [1563568001.021, "0"], [1563568002.021, "0"], [1563568003.021, "0.3665978990972919"], [1563568004.021, "0.3665978990972919"], [1563568005.021, "0.3665978990972919"], [1563568006.021, "0.3665978990972919"], [1563568007.021, "0.3665978990972919"], [1563568008.021, "0.2432278802"], [1563568009.021, "0.2432278802"], [1563568010.021, "0.2432278802"], [1563568011.021, "0.2432278802"], [1563568012.021, "0.2432278802"], [1563568013.021, "0"], [1563568014.021, "0"], [1563568015.021, "0"], [1563568016.021, "0"], [1563568017.021, "0"], [1563568018.021, "0.33703283713485394"], [1563568019.021, "0.33703283713485394"], [1563568020.021, "0.33703283713485394"], [1563568021.021, "0.33703283713485394"], [1563568022.021, "0.33703283713485394"], [1563568023.021, "0.07924748600000005"], [1563568024.021, "0.07924748600000005"], [1563568025.021, "0.07924748600000005"], [1563568026.021, "0.07924748600000005"], [1563568027.021, "0.07924748600000005"], [1563568028.021, "0.1879521718"], [1563568029.021, "0.1879521718"], [1563568030.021, "0.1879521718"], [1563568031.021, "0.1879521718"], [1563568032.021, "0.1879521718"], [1563568033.021, "0.08860037539999999"]], "mem_values": [[1563567973.021, "0"], [1563567974.021, "0"], [1563567975.021, "0"], [1563567976.021, "0"], [1563567977.021, "0"], [1563567978.021, "176947.2"], [1563567979.021, "176947.2"], [1563567980.021, "176947.2"], [1563567981.021, "176947.2"], [1563567982.021, "176947.2"], [1563567983.021, "599654.4"], [1563567984.021, "599654.4"], [1563567985.021, "599654.4"], [1563567986.021, "599654.4"], [1563567987.021, "599654.4"], [1563567988.021, "0"], [1563567989.021, "0"], [1563567990.021, "0"], [1563567991.021, "0"], [1563567992.021, "0"], [1563567993.021, "326860.8"], [1563567994.021, "326860.8"], [1563567995.021, "326860.8"], [1563567996.021, "326860.8"], [1563567997.021, "326860.8"], [1563567998.021, "0"], [1563567999.021, "0"], [1563568000.021, "0"], [1563568001.021, "0"], [1563568002.021, "0"], [1563568003.021, "279366.09829488466"], [1563568004.021, "279366.09829488466"], [1563568005.021, "279366.09829488466"], [1563568006.021, "279366.09829488466"], [1563568007.021, "279366.09829488466"], [1563568008.021, "246579.19999999998"], [1563568009.021, "246579.19999999998"], [1563568010.021, "246579.19999999998"], [1563568011.021, "246579.19999999998"], [1563568012.021, "246579.19999999998"], [1563568013.021, "0"], [1563568014.021, "0"], [1563568015.021, "0"], [1563568016.021, "0"], [1563568017.021, "0"], [1563568018.021, "23631084.43377351"], [1563568019.021, "23631084.43377351"], [1563568020.021, "23631084.43377351"], [1563568021.021, "23631084.43377351"], [1563568022.021, "23631084.43377351"], [1563568023.021, "7739801.6"], [1563568024.021, "7739801.6"], [1563568025.021, "7739801.6"], [1563568026.021, "7739801.6"], [1563568027.021, "7739801.6"], [1563568028.021, "144998.4"], [1563568029.021, "144998.4"], [1563568030.021, "144998.4"], [1563568031.021, "144998.4"], [1563568032.021, "144998.4"], [1563568033.021, "215449.6"]]}, {"qps": 200, "avg_cpu": 0.23527974824511474, "req_lost": 0.006811809294260396, "avg_mem": 2151615.616631768,