{"pod": 1, "cpu": "100m", "values": [{"qps": 50, "avg_cpu": 0.050982956207192856, "req_lost": 0.027465377791147105, "avg_mem": "N/A", "cpu_values": [[1564118868.474, "0"], [1564118869.474, "0"], [1564118870.474, "0"], [1564118871.474, "0"], [1564118872.474, "0"], [1564118873.474, "0"], [1564118874.474, "0"], [1564118875.474, "0"], [1564118876.474, "0"], [1564118877.474, "0"], [1564118878.474, "0"], [1564118879.474, "0"], [1564118880.474, "0"], [1564118881.474, "0"], [1564118882.474, "0"], [1564118883.474, "0.16133149812055997"], [1564118884.474, "0.18909466176055997"], [1564118885.474, "0.21685782540055998"], [1564118886.474, "0.24462098904056"], [1564118887.474, "0.27238415268056004"], [1564118888.474, "0"], [1564118889.474, "0"], [1564118890.474, "0"], [1564118891.474, "0"], [1564118892.474, "0"], [1564118893.474, "0.168803996"], [1564118894.474, "0.168803996"], [1564118895.474, "0.168803996"], [1564118896.474, "0.168803996"], [1564118897.474, "0.168803996"], [1564118898.474, "0"], [1564118899.474, "0"], [1564118900.474, "0"], [1564118901.474, "0"], [1564118902.474, "0"], [1564118903.474, "0"], [1564118904.474, "0"], [1564118905.474, "0"], [1564118906.474, "0"], [1564118907.474, "0"], [1564118908.474, "0.15566403519999997"], [1564118909.474, "0.15566403519999997"], [1564118910.474, "0.15566403519999997"], [1564118911.474, "0.15566403519999997"], [1564118912.474, "0.15566403519999997"], [1564118913.474, "0"], [1564118914.474, "0"], [1564118915.474, "0"], [1564118916.474, "0"], [1564118917.474, "0"], [1564118918.474, "0"], [1564118919.474, "0"], [1564118920.474, "0"], [1564118921.474, "0"], [1564118922.474, "0"], [1564118923.474, "0.14841626460000007"]], "mem_values": []}, {"qps": 100, "avg_cpu": 0.06885057228753619, "req_lost": 0.011164403421792812, "avg_mem": "N/A", "cpu_values": [[1564118983.615, "0"], [1564118984.615, "0"], [1564118985.615, "0"], [1564118986.615, "0"], [1564118987.615, "0"], [1564118988.615, "0.021991229200000007"], [1564118989.615, "0.021991229200000007"], [1564118990.615, "0.021991229200000007"], [1564118991.615, "0.021991229200000007"], [1564118992.615, "0.021991229200000007"], [1564118993.615, "0"], [1564118994.615, "0"], [1564118995.615, "0"], [1564118996.615, "0"], [1564118997.615, "0"], [1564118998.615, "0.25660487540000004"], [1564118999.615, "0.25660487540000004"], [1564119000.615, "0.25660487540000004"], [1564119001.615, "0.25660487540000004"], [1564119002.615, "0.25660487540000004"], [1564119003.615, "0"], [1564119004.615, "0"], [1564119005.615, "0"], [1564119006.615, "0"], [1564119007.615, "0"], [1564119008.615, "0"], [1564119009.615, "0"], [1564119010.615, "0"], [1564119011.615, "0"], [1564119012.615, "0"], [1564119013.615, "0"], [1564119014.615, "0"], [1564119015.615, "0"], [1564119016.615, "0"], [1564119017.615, "0"], [1564119018.615, "0.34501653970794155"], [1564119019.615, "0.34501653970794155"], [1564119020.615, "0.34501653970794155"], [1564119021.615, "0.34501653970794155"], [1564119022.615, "0.34501653970794155"], [1564119023.615, "0"], [1564119024.615, "0"], [1564119025.615, "0"], [1564119026.615, "0"], [1564119027.615, "0"], [1564119028.615, "0"], [1564119029.615, "0"], [1564119030.615, "0"], [1564119031.615, "0"], [1564119032.615, "0"], [1564119033.615, "0"], [1564119034.615, "0"], [1564119035.615, "0"], [1564119036.615, "0"], [1564119037.615, "0"], [1564119038.615, "0.21636433759999996"], [1564119039.615, "0.21636433759999996"], [1564119040.615, "0.21636433759999996"], [1564119041.615, "0.21636433759999996"], [1564119042.615, "0.21636433759999996"], [1564119043.615, "0"]], "mem_values": []}, {"qps": 150, "avg_cpu": 0.07039082575081967, "req_lost": 28.89076949411118, "avg_mem": "N/A", "cpu_values": [[1564119103.737, "0.004038090399999916"], [1564119104.737, "0.004038090399999916"], [1564119105.737, "0.004038090399999916"], [1564119106.737, "0.004038090399999916"], [1564119107.737, "0.004038090399999916"], [1564119108.737, "0"], [1564119109.737, "0"], [1564119110.737, "0"], [1564119111.737, "0"], [1564119112.737, "0"], [1564119113.737, "0"], [1564119114.737, "0"], [1564119115.737, "0"], [1564119116.737, "0"], [1564119117.737, "0"], [1564119118.737, "0.19134277680000017"], [1564119119.737, "0.19134277680000017"], [1564119120.737, "0.19134277680000017"], [1564119121.737, "0.19134277680000017"], [1564119122.737, "0.19134277680000017"], [1564119123.737, "0"], [1564119124.737, "0"], [1564119125.737, "0"], [1564119126.737, "0"], [1564119127.737, "0"], [1564119128.737, "0.24534813040000003"], [1564119129.737, "0.24534813040000003"], [1564119130.737, "0.24534813040000003"], [1564119131.737, "0.24534813040000003"], [1564119132.737, "0.24534813040000003"], [1564119133.737, "0"], [1564119134.737, "0"], [1564119135.737, "0"], [1564119136.737, "0"], [1564119137.737, "0"], [1564119138.737, "0"], [1564119139.737, "0"], [1564119140.737, "0"], [1564119141.737, "0"], [1564119142.737, "0"], [1564119143.737, "0.34095317839999983"], [1564119144.737, "0.34095317839999983"], [1564119145.737, "0.34095317839999983"], [1564119146.737, "0.34095317839999983"], [1564119147.737, "0.34095317839999983"], [1564119148.737, "0"], [1564119149.737, "0"], [1564119150.737, "0"], [1564119151.737, "0"], [1564119152.737, "0"], [1564119153.737, "0"], [1564119154.737, "0"], [1564119155.737, "0"], [1564119156.737, "0"], [1564119157.737, "0"], [1564119158.737, "0"], [1564119159.737, "0"], [1564119160.737, "0"], [1564119161.737, "0"], [1564119162.737, "0"], [1564119163.737, "0.3854294908"]], "mem_values": []}, {"qps": 200, "avg_cpu": 0.07594757985245905, "req_lost": 33.09490479030697, "avg_mem": "N/A", "cpu_values": [[1564119224.113, "0"], [1564119225.113, "0"], [1564119226.113, "0"], [1564119227.113, "0"], [1564119228.113, "0"], [1564119229.113, "0"], [1564119230.113, "0"], [1564119231.113, "0"], [1564119232.113, "0"], [1564119233.113, "0.130294911"], [1564119234.113, "0.130294911"], [1564119235.113, "0.130294911"], [1564119236.113, "0.130294911"], [1564119237.113, "0.130294911"], [1564119238.113, "0"], [1564119239.113, "0"], [1564119240.113, "0"], [1564119241.113, "0"], [1564119242.113, "0"], [1564119243.113, "0.2257176615999999"], [1564119244.113, "0.2257176615999999"], [1564119245.113, "0.2257176615999999"], [1564119246.113, "0.2257176615999999"], [1564119247.113, "0.2257176615999999"], [1564119248.113, "0"], [1564119249.113, "0"], [1564119250.113, "0"], [1564119251.113, "0"], [1564119252.113, "0"], [1564119253.113, "0"], [1564119254.113, "0"], [1564119255.113, "0"], [1564119256.113, "0"], [1564119257.113, "0"], [1564119258.113, "0"], [1564119259.113, "0"], [1564119260.113, "0"], [1564119261.113, "0"], [1564119262.113, "0"], [1564119263.113, "0.3613632850000002"], [1564119264.113, "0.3613632850000002"], [1564119265.113, "0.3613632850000002"], [1564119266.113, "0.3613632850000002"], [1564119267.113, "0.3613632850000002"], [1564119268.113, "0"], [1564119269.113, "0"], [1564119270.113, "0"], [1564119271.113, "0"], [1564119272.113, "0"], [1564119273.113, "0.20918461660000034"], [1564119274.113, "0.20918461660000034"], [1564119275.113, "0.20918461660000034"], [1564119276.113, "0.20918461660000034"], [1564119277.113, "0.20918461660000034"], [1564119278.113, "0"], [1564119279.113, "0"], [1564119280.113, "0"], [1564119281.113, "0"], [1564119282.113, "0"], [1564119283.113, "0"], [1564119284.113, "0"]], "mem_values": []}, {"qps": 250, "avg_cpu": 0.0789175446732332, "req_lost": 47.343168160527625, "avg_mem": "N/A",