{"pod": 1, "cpu": "1", "values": [{"qps": 0, "avg_cpu": 0.020896153272858167, "req_lost": 0.15224434152291133, "avg_mem": 455424.9728602657, "cpu_values": [[1563531742.911, "0"], [1563531743.911, "0"], [1563531744.911, "0"], [1563531745.911, "0"], [1563531746.911, "0"], [1563531747.911, "0"], [1563531748.911, "0"], [1563531749.911, "0"], [1563531750.911, "0"], [1563531751.911, "0"], [1563531752.911, "0"], [1563531753.911, "0"], [1563531754.911, "0"], [1563531755.911, "0"], [1563531756.911, "0"], [1563531757.911, "0.11154115111952875"], [1563531758.911, "0.1312661164150559"], [1563531759.911, "0.15099108171058306"], [1563531760.911, "0.1707160470061102"], [1563531761.911, "0.19044101230163737"], [1563531762.911, "0"], [1563531763.911, "0"], [1563531764.911, "0"], [1563531765.911, "0"], [1563531766.911, "0"], [1563531767.911, "0.02698342660000001"], [1563531768.911, "0.02698342660000001"], [1563531769.911, "0.026983426600000016"], [1563531770.911, "0.026983426600000016"], [1563531771.911, "0.026983426600000016"], [1563531772.911, "0"], [1563531773.911, "0"], [1563531774.911, "0"], [1563531775.911, "0"], [1563531776.911, "0"], [1563531777.911, "0"], [1563531778.911, "0"], [1563531779.911, "0"], [1563531780.911, "0"], [1563531781.911, "0"], [1563531782.911, "0.036142600799999994"], [1563531783.911, "0.036142600799999994"], [1563531784.911, "0.0361426008"], [1563531785.911, "0.0361426008"], [1563531786.911, "0.0361426008"], [1563531787.911, "0"], [1563531788.911, "0"], [1563531789.911, "0"], [1563531790.911, "0"], [1563531791.911, "0"], [1563531792.911, "0.024099038200000006"], [1563531793.911, "0.024099038200000006"], [1563531794.911, "0.024099038200000013"], [1563531795.911, "0.024099038200000013"], [1563531796.911, "0.024099038200000013"], [1563531797.911, "0"], [1563531798.911, "0"]], "mem_values": [[1563531742.911, "0"], [1563531743.911, "0"], [1563531744.911, "0"], [1563531745.911, "0"], [1563531746.911, "0"], [1563531747.911, "0"], [1563531748.911, "0"], [1563531749.911, "0"], [1563531750.911, "0"], [1563531751.911, "0"], [1563531752.911, "0"], [1563531753.911, "0"], [1563531754.911, "0"], [1563531755.911, "0"], [1563531756.911, "0"], [1563531757.911, "3933159.217891374"], [1563531758.911, "4527520.879233227"], [1563531759.911, "5121882.540575081"], [1563531760.911, "5716244.201916932"], [1563531761.911, "5943616.613418531"], [1563531762.911, "0"], [1563531763.911, "0"], [1563531764.911, "0"], [1563531765.911, "0"], [1563531766.911, "0"], [1563531767.911, "112230.39999999998"], [1563531768.911, "112230.39999999998"], [1563531769.911, "112230.4"], [1563531770.911, "112230.4"], [1563531771.911, "112230.4"], [1563531772.911, "0"], [1563531773.911, "0"], [1563531774.911, "0"], [1563531775.911, "0"], [1563531776.911, "0"], [1563531777.911, "0"], [1563531778.911, "0"], [1563531779.911, "0"], [1563531780.911, "0"], [1563531781.911, "0"], [1563531782.911, "26214.399999999994"], [1563531783.911, "26214.399999999994"], [1563531784.911, "26214.4"], [1563531785.911, "26214.4"], [1563531786.911, "26214.4"], [1563531787.911, "0"], [1563531788.911, "0"], [1563531789.911, "0"], [1563531790.911, "0"], [1563531791.911, "0"], [1563531792.911, "4915.199999999999"], [1563531793.911, "4915.199999999999"], [1563531794.911, "4915.2"], [1563531795.911, "4915.2"], [1563531796.911, "4915.2"], [1563531797.911, "0"], [1563531798.911, "0"]]}, {"qps": 100, "avg_cpu": 0.06387367408060683, "req_lost": 0.008633979479610865, "avg_mem": 47739.511664880134, "cpu_values": [[1563531859.231, "0"], [1563531860.231, "0"], [1563531861.231, "0"], [1563531862.231, "0"], [1563531863.231, "0.07687735680000003"], [1563531864.231, "0.07687735680000003"], [1563531865.231, "0.07687735680000003"], [1563531866.231, "0.07687735680000003"], [1563531867.231, "0.07687735680000003"], [1563531868.231, "0"], [1563531869.231, "0"], [1563531870.231, "0"], [1563531871.231, "0"], [1563531872.231, "0"], [1563531873.231, "0"], [1563531874.231, "0"], [1563531875.231, "0"], [1563531876.231, "0"], [1563531877.231, "0"], [1563531878.231, "0"], [1563531879.231, "0"], [1563531880.231, "0"], [1563531881.231, "0"], [1563531882.231, "0"], [1563531883.231, "0.37039084840000003"], [1563531884.231, "0.37039084840000003"], [1563531885.231, "0.37039084840000003"], [1563531886.231, "0.37039084840000003"], [1563531887.231, "0.37039084840000003"], [1563531888.231, "0"], [1563531889.231, "0"], [1563531890.231, "0"], [1563531891.231, "0"], [1563531892.231, "0"], [1563531893.231, "0.18265808298340322"], [1563531894.231, "0.18265808298340322"], [1563531895.231, "0.18265808298340322"], [1563531896.231, "0.18265808298340322"], [1563531897.231, "0.18265808298340322"], [1563531898.231, "0"], [1563531899.231, "0"], [1563531900.231, "0"], [1563531901.231, "0"], [1563531902.231, "0"], [1563531903.231, "0"], [1563531904.231, "0"], [1563531905.231, "0"], [1563531906.231, "0"], [1563531907.231, "0"], [1563531908.231, "0.14933253559999998"], [1563531909.231, "0.14933253559999998"], [1563531910.231, "0.14933253559999998"], [1563531911.231, "0.14933253559999998"], [1563531912.231, "0.14933253559999998"], [1563531913.231, "0"], [1563531914.231, "0"], [1563531915.231, "0"], [1563531916.231, "0"], [1563531917.231, "0"], [1563531918.231, "0"], [1563531919.231, "0"]], "mem_values": [[1563531859.231, "0"], [1563531860.231, "0"], [1563531861.231, "0"], [1563531862.231, "0"], [1563531863.231, "130252.8"], [1563531864.231, "130252.8"], [1563531865.231, "130252.8"], [1563531866.231, "130252.8"], [1563531867.231, "130252.8"], [1563531868.231, "0"], [1563531869.231, "0"], [1563531870.231, "0"], [1563531871.231, "0"], [1563531872.231, "0"], [1563531873.231, "0"], [1563531874.231, "0"], [1563531875.231, "0"], [1563531876.231, "0"], [1563531877.231, "0"], [1563531878.231, "0"], [1563531879.231, "0"], [1563531880.231, "0"], [1563531881.231, "0"], [1563531882.231, "0"], [1563531883.231, "230195.2"], [1563531884.231, "230195.2"], [1563531885.231, "230195.2"], [1563531886.231, "230195.2"], [1563531887.231, "230195.2"], [1563531888.231, "0"], [1563531889.231, "0"], [1563531890.231, "0"], [1563531891.231, "0"], [1563531892.231, "0"], [1563531893.231, "145788.44231153768"], [1563531894.231, "145788.44231153768"], [1563531895.231, "145788.44231153768"], [1563531896.231, "145788.44231153768"], [1563531897.231, "145788.44231153768"], [1563531898.231, "0"], [1563531899.231, "0"], [1563531900.231, "0"], [1563531901.231, "0"], [1563531902.231, "0"], [1563531903.231, "0"], [1563531904.231, "0"], [1563531905.231, "0"], [1563531906.231, "0"], [1563531907.231, "0"], [1563531908.231, "76185.6"], [1563531909.231, "76185.6"], [1563531910.231, "76185.6"], [1563531911.231, "76185.6"], [1563531912.231, "76185.6"], [1563531913.231, "0"], [1563531914.231, "0"], [1563531915.231, "0"], [1563531916.231, "0"], [1563531917.231, "0"], [1563531918.231, "0"], [1563531919.231, "0"]]}, {"qps": 200, "avg_cpu": 0.08944750433333334, "req_lost": 36.695641084490724, "avg_mem": 45586.96296296296,