{"pod": 15, "cpu": "100m", "values": [{"qps": 1000, "avg_cpu": 1.0111342645496044, "req_lost": 27.476453783787523, "avg_mem": "N/A", "cpu_values": [[1564088353.53, "0"], [1564088354.53, "0"], [1564088355.53, "0"], [1564088356.53, "0"], [1564088357.53, "0"], [1564088358.53, "0.5256186200884"], [1564088359.53, "0.6132420861284"], [1564088360.53, "0.7008655521684"], [1564088361.53, "0.7884890182084"], [1564088362.53, "0.8743014517522001"], [1564088363.53, "1.6110385698917815"], [1564088364.53, "1.8757359161425315"], [1564088365.53, "2.140433262393281"], [1564088366.53, "2.4051306086440314"], [1564088367.53, "2.6370860833744647"], [1564088368.53, "0.47171173335655137"], [1564088369.53, "0.5005692845667934"], [1564088370.53, "0.5294268357770355"], [1564088371.53, "0.5582843869872774"], [1564088372.53, "0.5871419381975195"], [1564088373.53, "0.4279153922"], [1564088374.53, "0.4279153922"], [1564088375.53, "0.4279153922"], [1564088376.53, "0.4279153922"], [1564088377.53, "0.4279153922"], [1564088378.53, "1.7122036986"], [1564088379.53, "1.7122036986"], [1564088380.53, "1.7122036986"], [1564088381.53, "1.7122036986"], [1564088382.53, "1.7122036986"], [1564088383.53, "1.3877134197999998"], [1564088384.53, "1.3877134197999998"], [1564088385.53, "1.3877134197999998"], [1564088386.53, "1.3877134197999998"], [1564088387.53, "1.3877134197999998"], [1564088388.53, "0.3799068954"], [1564088389.53, "0.3799068954"], [1564088390.53, "0.3799068954"], [1564088391.53, "0.3799068954"], [1564088392.53, "0.3799068954"], [1564088393.53, "1.8557077117999998"], [1564088394.53, "1.8557077117999998"], [1564088395.53, "1.8557077117999998"], [1564088396.53, "1.8557077117999998"], [1564088397.53, "1.8557077117999998"], [1564088398.53, "1.1524245069999999"], [1564088399.53, "1.1524245069999999"], [1564088400.53, "1.1524245069999999"], [1564088401.53, "1.1524245069999999"], [1564088402.53, "1.1524245069999999"], [1564088403.53, "0.4898277028"], [1564088404.53, "0.4898277028"], [1564088405.53, "0.4898277028"], [1564088406.53, "0.4898277028"], [1564088407.53, "0.4898277028"], [1564088408.53, "1.5994051193999999"], [1564088409.53, "1.5994051193999999"], [1564088410.53, "1.5994051193999999"]], "mem_values": []}]}