{"pod": 1, "cpu": "1", "values": [{"qps": 1, "avg_cpu": 0.01625270934489042, "req_lost": 0.02582062587372924, "avg_mem": 492622.7323641191, "cpu_values": [[1563863443.429, "0"], [1563863444.429, "0"], [1563863445.429, "0"], [1563863446.429, "0"], [1563863447.429, "0"], [1563863448.429, "0"], [1563863449.429, "0"], [1563863450.429, "0"], [1563863451.429, "0"], [1563863452.429, "0"], [1563863453.429, "0.11917593344121998"], [1563863454.429, "0.13917976602122"], [1563863455.429, "0.15918359860121997"], [1563863456.429, "0.17918743118122"], [1563863457.429, "0.19919126376121996"], [1563863458.429, "0"], [1563863459.429, "0"], [1563863460.429, "0"], [1563863461.429, "0"], [1563863462.429, "0"], [1563863463.429, "0"], [1563863464.429, "0"], [1563863465.429, "0"], [1563863466.429, "0"], [1563863467.429, "0"], [1563863468.429, "0.004788713654618502"], [1563863469.429, "0.004788713654618502"], [1563863470.429, "0.004788713654618502"], [1563863471.429, "0.004788713654618502"], [1563863472.429, "0.004788713654618502"], [1563863473.429, "0"], [1563863474.429, "0"], [1563863475.429, "0"], [1563863476.429, "0"], [1563863477.429, "0"], [1563863478.429, "0"], [1563863479.429, "0"], [1563863480.429, "0"], [1563863481.429, "0"], [1563863482.429, "0"], [1563863483.429, "0.006706783399999994"], [1563863484.429, "0.006706783399999994"], [1563863485.429, "0.006706783399999994"], [1563863486.429, "0.006706783399999994"], [1563863487.429, "0.006706783399999994"], [1563863488.429, "0"], [1563863489.429, "0"], [1563863490.429, "0"], [1563863491.429, "0"], [1563863492.429, "0"], [1563863493.429, "0.0026660389999999977"], [1563863494.429, "0.0026660389999999977"], [1563863495.429, "0.0026660389999999977"]], "mem_values": [[1563863443.429, "0"], [1563863444.429, "0"], [1563863445.429, "0"], [1563863446.429, "0"], [1563863447.429, "0"], [1563863448.429, "0"], [1563863449.429, "0"], [1563863450.429, "0"], [1563863451.429, "0"], [1563863452.429, "0"], [1563863453.429, "3920527.68768"], [1563863454.429, "4506747.20768"], [1563863455.429, "5092966.7276800005"], [1563863456.429, "5679186.24768"], [1563863457.429, "5862195.2"], [1563863458.429, "0"], [1563863459.429, "0"], [1563863460.429, "0"], [1563863461.429, "0"], [1563863462.429, "0"], [1563863463.429, "0"], [1563863464.429, "0"], [1563863465.429, "0"], [1563863466.429, "0"], [1563863467.429, "0"], [1563863468.429, "22207.228915662647"], [1563863469.429, "22207.228915662647"], [1563863470.429, "22207.228915662647"], [1563863471.429, "22207.228915662647"], [1563863472.429, "22207.228915662647"], [1563863473.429, "0"], [1563863474.429, "0"], [1563863475.429, "0"], [1563863476.429, "0"], [1563863477.429, "0"], [1563863478.429, "0"], [1563863479.429, "0"], [1563863480.429, "0"], [1563863481.429, "0"], [1563863482.429, "0"], [1563863483.429, "125337.6"], [1563863484.429, "125337.6"], [1563863485.429, "125337.6"], [1563863486.429, "125337.6"], [1563863487.429, "125337.6"], [1563863488.429, "0"], [1563863489.429, "0"], [1563863490.429, "0"], [1563863491.429, "0"], [1563863492.429, "0"], [1563863493.429, "103219.2"], [1563863494.429, "103219.2"], [1563863495.429, "103219.2"]]}]}