{"pod": 10, "cpu": "100m", "values": [{"qps": 1000, "avg_cpu": 0.665987468898737, "req_lost": 44.93487891030434, "avg_mem": "N/A", "cpu_values": [[1564088178.625, "0"], [1564088179.625, "0"], [1564088180.625, "0"], [1564088181.625, "0"], [1564088182.625, "0"], [1564088183.625, "0"], [1564088184.625, "0"], [1564088185.625, "0"], [1564088186.625, "0"], [1564088187.625, "0"], [1564088188.625, "0.8871663954017"], [1564088189.625, "1.0337272453417"], [1564088190.625, "1.1802880952816999"], [1564088191.625, "1.3268489452216998"], [1564088192.625, "1.4638820208674999"], [1564088193.625, "0.6873186938825"], [1564088194.625, "0.8015427303825"], [1564088195.625, "0.9157667668825"], [1564088196.625, "1.0299908033825"], [1564088197.625, "1.1389848500367998"], [1564088198.625, "0.4654105044"], [1564088199.625, "0.4654105044"], [1564088200.625, "0.4654105044"], [1564088201.625, "0.4654105044"], [1564088202.625, "0.4654105044"], [1564088203.625, "0.5191880307507988"], [1564088204.625, "0.5191880307507988"], [1564088205.625, "0.5191880307507988"], [1564088206.625, "0.5191880307507988"], [1564088207.625, "0.5191880307507988"], [1564088208.625, "0.940755248798077"], [1564088209.625, "0.940755248798077"], [1564088210.625, "0.940755248798077"], [1564088211.625, "0.940755248798077"], [1564088212.625, "0.940755248798077"], [1564088213.625, "0.7189297428"], [1564088214.625, "0.7189297428"], [1564088215.625, "0.7189297428"], [1564088216.625, "0.7189297428"], [1564088217.625, "0.7189297428"], [1564088218.625, "0.9050505704"], [1564088219.625, "0.9050505704"], [1564088220.625, "0.9050505704"], [1564088221.625, "0.9050505704"], [1564088222.625, "0.9050505704"], [1564088223.625, "0.5863142239999999"], [1564088224.625, "0.5863142239999999"], [1564088225.625, "0.5863142239999999"], [1564088226.625, "0.5863142239999999"], [1564088227.625, "0.5863142239999999"], [1564088228.625, "0.8642602662000001"], [1564088229.625, "0.8642602662000001"], [1564088230.625, "0.8642602662000001"], [1564088231.625, "0.8642602662000001"], [1564088232.625, "0.8642602662000001"], [1564088233.625, "0.9570502954"], [1564088234.625, "0.9570502954"], [1564088235.625, "0.9570502954"], [1564088236.625, "0.9570502954"]], "mem_values": []}]}