{"pod": 8, "cpu": "50m", "values": [{"qps": 800, "avg_cpu": 0.2650309085763835, "req_lost": 56.398030298058046, "avg_mem": "N/A", "cpu_values": [[1564083588.742, "0"], [1564083589.742, "0"], [1564083590.742, "0"], [1564083591.742, "0"], [1564083592.742, "0"], [1564083593.742, "0"], [1564083594.742, "0"], [1564083595.742, "0"], [1564083596.742, "0"], [1564083597.742, "0"], [1564083598.742, "0.45956482675155996"], [1564083599.742, "0.5324513617315599"], [1564083600.742, "0.60533789671156"], [1564083601.742, "0.67822443169156"], [1564083602.742, "0.7288653498000001"], [1564083603.742, "0.19789395807752"], [1564083604.742, "0.22985817323752"], [1564083605.742, "0.26182238839752003"], [1564083606.742, "0.29378660355752"], [1564083607.742, "0.3196421516"], [1564083608.742, "0.1123451942"], [1564083609.742, "0.1123451942"], [1564083610.742, "0.1123451942"], [1564083611.742, "0.1123451942"], [1564083612.742, "0.1123451942"], [1564083613.742, "0.36507982064544003"], [1564083614.742, "0.3669099358"], [1564083615.742, "0.3669099358"], [1564083616.742, "0.3669099358"], [1564083617.742, "0.3669099358"], [1564083618.742, "0.4698130545814"], [1564083619.742, "0.47731245399999994"], [1564083620.742, "0.47731245399999994"], [1564083621.742, "0.47731245399999994"], [1564083622.742, "0.47731245399999994"], [1564083623.742, "0.20308606420000003"], [1564083624.742, "0.20308606420000003"], [1564083625.742, "0.20308606420000003"], [1564083626.742, "0.20308606420000003"], [1564083627.742, "0.20308606420000003"], [1564083628.742, "0.479220699222643"], [1564083629.742, "0.479220699222643"], [1564083630.742, "0.479220699222643"], [1564083631.742, "0.479220699222643"], [1564083632.742, "0.479220699222643"], [1564083633.742, "0.07432076841260284"], [1564083634.742, "0.07432076841260284"], [1564083635.742, "0.07432076841260284"], [1564083636.742, "0.07432076841260284"], [1564083637.742, "0.07432076841260284"], [1564083638.742, "0.4800481559999999"], [1564083639.742, "0.4800481559999999"], [1564083640.742, "0.4800481559999999"], [1564083641.742, "0.4800481559999999"], [1564083642.742, "0.4800481559999999"], [1564083643.742, "0.11867147159999995"], [1564083644.742, "0.11867147159999995"], [1564083645.742, "0.11867147159999995"], [1564083646.742, "0.11867147159999995"], [1564083647.742, "0.11867147159999995"], [1564083648.742, "0.309194079"]], "mem_values": []}, {"qps": 900, "avg_cpu": 0.2301947491114755, "req_lost": 80.38088769148942, "avg_mem": "N/A", "cpu_values": [[1564083708.921, "0"], [1564083709.921, "0"], [1564083710.921, "0"], [1564083711.921, "0"], [1564083712.921, "0.0008128779999999837"], [1564083713.921, "0.0008128779999999836"], [1564083714.921, "0.0008128779999999836"], [1564083715.921, "0.0008128779999999836"], [1564083716.921, "0.0008128779999999836"], [1564083717.921, "0.12802427840000005"], [1564083718.921, "0.12802427840000002"], [1564083719.921, "0.12802427840000002"], [1564083720.921, "0.12802427840000002"], [1564083721.921, "0.12802427840000002"], [1564083722.921, "0.3251470332000001"], [1564083723.921, "0.32514703320000005"], [1564083724.921, "0.32514703320000005"], [1564083725.921, "0.32514703320000005"], [1564083726.921, "0.32514703320000005"], [1564083727.921, "0.20855719580000004"], [1564083728.921, "0.2085571958"], [1564083729.921, "0.2085571958"], [1564083730.921, "0.2085571958"], [1564083731.921, "0.2085571958"], [1564083732.921, "0.14821295320000002"], [1564083733.921, "0.1482129532"], [1564083734.921, "0.1482129532"], [1564083735.921, "0.1482129532"], [1564083736.921, "0.1482129532"], [1564083737.921, "0.5369873264000001"], [1564083738.921, "0.5369873264"], [1564083739.921, "0.5369873264"], [1564083740.921, "0.5369873264"], [1564083741.921, "0.5369873264"], [1564083742.921, "0.2740274384000001"], [1564083743.921, "0.2740274384"], [1564083744.921, "0.2740274384"], [1564083745.921, "0.2740274384"], [1564083746.921, "0.2740274384"], [1564083747.921, "0.07982282480000011"], [1564083748.921, "0.0798228248000001"], [1564083749.921, "0.0798228248000001"], [1564083750.921, "0.0798228248000001"], [1564083751.921, "0.0798228248000001"], [1564083752.921, "0.5801074864"], [1564083753.921, "0.5801074863999999"], [1564083754.921, "0.5801074863999999"], [1564083755.921, "0.5801074863999999"], [1564083756.921, "0.5801074863999999"], [1564083757.921, "0.19449296380000008"], [1564083758.921, "0.19449296380000006"], [1564083759.921, "0.19449296380000006"], [1564083760.921, "0.19449296380000006"], [1564083761.921, "0.19449296380000006"], [1564083762.921, "0.17804941699999993"], [1564083763.921, "0.1780494169999999"], [1564083764.921, "0.1780494169999999"], [1564083765.921, "0.1780494169999999"], [1564083766.921, "0.1780494169999999"], [1564083767.921, "0.3853353594000002"], [1564083768.921, "0.38533535940000013"]], "mem_values": []}, {"qps": 1000, "avg_cpu": 0.21946082357907712, "req_lost": 77.30774557179447, "avg_mem": "N/A", "cpu_values": [[1564083829.314, "0"], [1564083830.314, "0"], [1564083831.314, "0"], [1564083832.314, "0"], [1564083833.314, "0.020933043600000013"], [1564083834.314, "0.020933043600000013"], [1564083835.314, "0.020933043600000013"], [1564083836.314, "0.020933043600000013"], [1564083837.314, "0.020933043600000013"], [1564083838.314, "0.09315551279999994"], [1564083839.314, "0.09315551279999994"], [1564083840.314, "0.09315551279999994"], [1564083841.314, "0.09315551279999994"], [1564083842.314, "0.09315551279999994"], [1564083843.314, "0.3237134900000001"], [1564083844.314, "0.3237134900000001"], [1564083845.314, "0.3237134900000001"], [1564083846.314, "0.3237134900000001"], [1564083847.314, "0.3237134900000001"], [1564083848.314, "0.10572452180000003"], [1564083849.314, "0.10572452180000003"], [1564083850.314, "0.10572452180000003"], [1564083851.314, "0.10572452180000003"], [1564083852.314, "0.10572452180000003"], [1564083853.314, "0.19845800580000006"], [1564083854.314, "0.19845800580000006"], [1564083855.314, "0.19845800580000006"], [1564083856.314, "0.19845800580000006"], [1564083857.314, "0.19845800580000006"], [1564083858.314, "0.5412554905018999"], [1564083859.314, "0.5412554905018998"], [1564083860.314, "0.5412554905018998"], [1564083861.314, "0.5412554905018998"], [1564083862.314, "0.5412554905018998"], [1564083863.314, "0.12125601420284049"], [1564083864.314, "0.12125601420284049"], [1564083865.314, "0.12125601420284049"], [1564083866.314, "0.12125601420284049"], [1564083867.314, "0.12125601420284049"], [1564083868.314, "0.27061388899999983"], [1564083869.314, "0.27061388899999983"], [1564083870.314, "0.27061388899999983"], [1564083871.314, "0.27061388899999983"], [1564083872.314, "0.27061388899999983"], [1564083873.314, "0.31982224420000005"], [1564083874.314, "0.31982224420000005"], [1564083875.314, "0.31982224420000005"], [1564083876.314, "0.31982224420000005"], [1564083877.314, "0.31982224420000005"], [1564083878.314, "0.3326845464000001"], [1564083879.314, "0.3326845464000001"], [1564083880.314, "0.3326845464000001"], [1564083881.314, "0.3326845464000001"], [1564083882.314, "0.3326845464000001"], [1564083883.314, "0.10339619080000002"], [1564083884.314, "0.10339619080000002"], [1564083885.314, "0.10339619080000002"], [1564083886.314, "0.10339619080000002"], [1564083887.314, "0.10339619080000002"], [1564083888.314, "0.6160227463999998"], [1564083889.314, "0.6160227463999998"]], "mem_values": []}]}