{"pod": 20, "cpu": "100m", "values": [{"qps": 1000, "avg_cpu": 1.3632707061859541, "req_lost": 8.74730241808277, "avg_mem": "N/A", "cpu_values": [[1564088676.044, "0"], [1564088677.044, "0"], [1564088678.044, "0.35121455300352"], [1564088679.044, "0.41523273248352"], [1564088680.044, "0.47925091196352"], [1564088681.044, "0.54326909144352"], [1564088682.044, "0.60728727092352"], [1564088683.044, "1.3143107368771199"], [1564088684.044, "1.5516228327571204"], [1564088685.044, "1.7889349286371201"], [1564088686.044, "2.02624702451712"], [1564088687.044, "2.26355912039712"], [1564088688.044, "0.7873056837665601"], [1564088689.044, "0.92994324120656"], [1564088690.044, "1.07258079864656"], [1564088691.044, "1.21521835608656"], [1564088692.044, "1.35785591352656"], [1564088693.044, "1.0410635698097601"], [1564088694.044, "1.1014970265497601"], [1564088695.044, "1.1619304832897601"], [1564088696.044, "1.22236394002976"], [1564088697.044, "1.28279739676976"], [1564088698.044, "1.5782227667462398"], [1564088699.044, "1.5958133306"], [1564088700.044, "1.5958133306"], [1564088701.044, "1.5958133306"], [1564088702.044, "1.5958133306"], [1564088703.044, "1.85005716491216"], [1564088704.044, "1.8687226076"], [1564088705.044, "1.8687226076"], [1564088706.044, "1.8687226076"], [1564088707.044, "1.8687226076"], [1564088708.044, "0.6649500574"], [1564088709.044, "0.6649500574"], [1564088710.044, "0.6649500574"], [1564088711.044, "0.6649500574"], [1564088712.044, "0.6649500574"], [1564088713.044, "1.7439484674"], [1564088714.044, "1.7439484674"], [1564088715.044, "1.7439484674"], [1564088716.044, "1.7439484674"], [1564088717.044, "1.7439484674"], [1564088718.044, "2.1153720184"], [1564088719.044, "2.1153720184"], [1564088720.044, "2.1153720184"], [1564088721.044, "2.1153720184"], [1564088722.044, "2.1153720184"], [1564088723.044, "1.1871493406000002"], [1564088724.044, "1.1871493406000002"], [1564088725.044, "1.1871493406000002"], [1564088726.044, "1.1871493406000002"], [1564088727.044, "1.1871493406000002"], [1564088728.044, "1.71944955"], [1564088729.044, "1.71944955"], [1564088730.044, "1.71944955"], [1564088731.044, "1.71944955"], [1564088732.044, "1.71944955"], [1564088733.044, "1.5513141527999996"], [1564088734.044, "1.5513141527999996"], [1564088735.044, "1.5513141527999996"], [1564088736.044, "1.5513141527999996"]], "mem_values": []}, {"qps": 1100, "avg_cpu": 1.1789725550818664, "req_lost": 6.2730071602678406, "avg_mem": "N/A", "cpu_values": [[1564088796.319, "0.005081462507498843"], [1564088797.319, "0.005081462507498843"], [1564088798.319, "0.015470089435774024"], [1564088799.319, "0.015470089435774024"], [1564088800.319, "0.015470089435774022"], [1564088801.319, "0.015470089435774022"], [1564088802.319, "0.015470089435774022"], [1564088803.319, "0.5607998530000001"], [1564088804.319, "0.560799853"], [1564088805.319, "0.560799853"], [1564088806.319, "0.560799853"], [1564088807.319, "0.560799853"], [1564088808.319, "0.7206376594000001"], [1564088809.319, "0.7206376594"], [1564088810.319, "0.7206376594"], [1564088811.319, "0.7206376594"], [1564088812.319, "0.7206376594"], [1564088813.319, "1.6818224620000004"], [1564088814.319, "1.681822462"], [1564088815.319, "1.681822462"], [1564088816.319, "1.681822462"], [1564088817.319, "1.681822462"], [1564088818.319, "1.0462047880000003"], [1564088819.319, "1.0462047880000003"], [1564088820.319, "1.0462047880000003"], [1564088821.319, "1.0462047880000003"], [1564088822.319, "1.0462047880000003"], [1564088823.319, "1.6856786070000005"], [1564088824.319, "1.685678607"], [1564088825.319, "1.685678607"], [1564088826.319, "1.685678607"], [1564088827.319, "1.685678607"], [1564088828.319, "1.8142546282"], [1564088829.319, "1.8142546281999996"], [1564088830.319, "1.8142546281999996"], [1564088831.319, "1.8142546281999996"], [1564088832.319, "1.8142546281999996"], [1564088833.319, "1.3926978014000007"], [1564088834.319, "1.3926978014000004"], [1564088835.319, "1.3926978014000004"], [1564088836.319, "1.3926978014000004"], [1564088837.319, "1.3926978014000004"], [1564088838.319, "1.0115022107999998"], [1564088839.319, "1.0115022107999996"], [1564088840.319, "1.0115022107999996"], [1564088841.319, "1.0115022107999996"], [1564088842.319, "1.0115022107999996"], [1564088843.319, "2.3931889731999996"], [1564088844.319, "2.393188973199999"], [1564088845.319, "2.393188973199999"], [1564088846.319, "2.393188973199999"], [1564088847.319, "2.393188973199999"], [1564088848.319, "1.1596754976000003"], [1564088849.319, "1.1596754976"], [1564088850.319, "1.1596754976"], [1564088851.319, "1.1596754976"], [1564088852.319, "1.1596754976"], [1564088853.319, "1.1243750212000005"], [1564088854.319, "1.1243750212"], [1564088855.319, "1.1243750212"], [1564088856.319, "1.1243750212"]], "mem_values": []}]}