{"pod": 8, "cpu": "50m", "values": [{"qps": 800, "avg_cpu": 0.2977990566696772, "req_lost": 50.363274916834335, "avg_mem": "N/A", "cpu_values": [[1564083093.568, "0"], [1564083094.568, "0"], [1564083095.568, "0"], [1564083096.568, "0"], [1564083097.568, "0"], [1564083098.568, "0.07142063852662532"], [1564083099.568, "0.08295221062104421"], [1564083100.568, "0.09448378271546311"], [1564083101.568, "0.10601535480988197"], [1564083102.568, "0.11531572094418882"], [1564083103.568, "0.45324927209311994"], [1564083104.568, "0.52864571553312"], [1564083105.568, "0.6040421589731201"], [1564083106.568, "0.6794386024131199"], [1564083107.568, "0.75337713503904"], [1564083108.568, "0.21996198976664005"], [1564083109.568, "0.25684547394664003"], [1564083110.568, "0.29372895812664"], [1564083111.568, "0.33061244230664"], [1564083112.568, "0.36749592648664"], [1564083113.568, "0.33377141339999994"], [1564083114.568, "0.33377141339999994"], [1564083115.568, "0.3337714134"], [1564083116.568, "0.3337714134"], [1564083117.568, "0.3337714134"], [1564083118.568, "0.48962658539999987"], [1564083119.568, "0.48962658539999987"], [1564083120.568, "0.48962658540000004"], [1564083121.568, "0.48962658540000004"], [1564083122.568, "0.48962658540000004"], [1564083123.568, "0.12701033499999997"], [1564083124.568, "0.12701033499999997"], [1564083125.568, "0.127010335"], [1564083126.568, "0.127010335"], [1564083127.568, "0.127010335"], [1564083128.568, "0.2946243406"], [1564083129.568, "0.2946243406"], [1564083130.568, "0.29462434060000003"], [1564083131.568, "0.29462434060000003"], [1564083132.568, "0.29462434060000003"], [1564083133.568, "0.13443350079999997"], [1564083134.568, "0.13443350079999997"], [1564083135.568, "0.1344335008"], [1564083136.568, "0.1344335008"], [1564083137.568, "0.1344335008"], [1564083138.568, "0.5287546375999999"], [1564083139.568, "0.5287546375999999"], [1564083140.568, "0.5287546376"], [1564083141.568, "0.5287546376"], [1564083142.568, "0.5287546376"], [1564083143.568, "0.4172425606"], [1564083144.568, "0.4172425606"], [1564083145.568, "0.4172425606"], [1564083146.568, "0.4172425606"], [1564083147.568, "0.4172425606"], [1564083148.568, "0.09184492420000001"]], "mem_values": []}, {"qps": 900, "avg_cpu": 0.2355204331868852, "req_lost": 79.02481769451842, "avg_mem": "N/A", "cpu_values": [[1564083208.718, "0"], [1564083209.718, "0"], [1564083210.718, "0"], [1564083211.718, "0"], [1564083212.718, "0"], [1564083213.718, "0.06333511179999994"], [1564083214.718, "0.06333511179999994"], [1564083215.718, "0.06333511179999994"], [1564083216.718, "0.06333511179999994"], [1564083217.718, "0.06333511179999994"], [1564083218.718, "0.17565616160000008"], [1564083219.718, "0.17565616160000008"], [1564083220.718, "0.17565616160000008"], [1564083221.718, "0.17565616160000008"], [1564083222.718, "0.17565616160000008"], [1564083223.718, "0.07496729179999999"], [1564083224.718, "0.07496729179999999"], [1564083225.718, "0.07496729179999999"], [1564083226.718, "0.07496729179999999"], [1564083227.718, "0.07496729179999999"], [1564083228.718, "0.17633287920000001"], [1564083229.718, "0.17633287920000001"], [1564083230.718, "0.17633287920000001"], [1564083231.718, "0.17633287920000001"], [1564083232.718, "0.17633287920000001"], [1564083233.718, "0.42027129840000016"], [1564083234.718, "0.42027129840000016"], [1564083235.718, "0.42027129840000016"], [1564083236.718, "0.42027129840000016"], [1564083237.718, "0.42027129840000016"], [1564083238.718, "0.26434324280000004"], [1564083239.718, "0.26434324280000004"], [1564083240.718, "0.26434324280000004"], [1564083241.718, "0.26434324280000004"], [1564083242.718, "0.26434324280000004"], [1564083243.718, "0.3442387539999999"], [1564083244.718, "0.3442387539999999"], [1564083245.718, "0.3442387539999999"], [1564083246.718, "0.3442387539999999"], [1564083247.718, "0.3442387539999999"], [1564083248.718, "0.6348318735999998"], [1564083249.718, "0.6348318735999998"], [1564083250.718, "0.6348318735999998"], [1564083251.718, "0.6348318735999998"], [1564083252.718, "0.6348318735999998"], [1564083253.718, "0.07781758540000006"], [1564083254.718, "0.07781758540000006"], [1564083255.718, "0.07781758540000006"], [1564083256.718, "0.07781758540000006"], [1564083257.718, "0.07781758540000006"], [1564083258.718, "0.39453733759999987"], [1564083259.718, "0.39453733759999987"], [1564083260.718, "0.39453733759999987"], [1564083261.718, "0.39453733759999987"], [1564083262.718, "0.39453733759999987"], [1564083263.718, "0.1488017794"], [1564083264.718, "0.1488017794"], [1564083265.718, "0.1488017794"], [1564083266.718, "0.1488017794"], [1564083267.718, "0.1488017794"], [1564083268.718, "0.49107984640000013"]], "mem_values": []}, {"qps": 1000, "avg_cpu": 0.23313305120983613, "req_lost": 75.31964366527988, "avg_mem": "N/A", "cpu_values": [[1564083329.409, "0"], [1564083330.409, "0"], [1564083331.409, "0"], [1564083332.409, "0"], [1564083333.409, "0.007877220200000146"], [1564083334.409, "0.007877220200000146"], [1564083335.409, "0.007877220200000146"], [1564083336.409, "0.007877220200000146"], [1564083337.409, "0.007877220200000146"], [1564083338.409, "0.09226752100000013"], [1564083339.409, "0.09226752100000013"], [1564083340.409, "0.09226752100000013"], [1564083341.409, "0.09226752100000013"], [1564083342.409, "0.09226752100000013"], [1564083343.409, "0.16387274520000011"], [1564083344.409, "0.16387274520000011"], [1564083345.409, "0.16387274520000011"], [1564083346.409, "0.16387274520000011"], [1564083347.409, "0.16387274520000011"], [1564083348.409, "0.3841627546"], [1564083349.409, "0.3841627546"], [1564083350.409, "0.3841627546"], [1564083351.409, "0.3841627546"], [1564083352.409, "0.3841627546"], [1564083353.409, "0.09163161499999983"], [1564083354.409, "0.09163161499999983"], [1564083355.409, "0.09163161499999983"], [1564083356.409, "0.09163161499999983"], [1564083357.409, "0.09163161499999983"], [1564083358.409, "0.8695357812"], [1564083359.409, "0.8695357812"], [1564083360.409, "0.8695357812"], [1564083361.409, "0.8695357812"], [1564083362.409, "0.8695357812"], [1564083363.409, "0"], [1564083364.409, "0"], [1564083365.409, "0"], [1564083366.409, "0"], [1564083367.409, "0"], [1564083368.409, "0.07711963699999984"], [1564083369.409, "0.07711963699999984"], [1564083370.409, "0.07711963699999984"], [1564083371.409, "0.07711963699999984"], [1564083372.409, "0.07711963699999984"], [1564083373.409, "0.6980429591999999"], [1564083374.409, "0.6980429591999999"], [1564083375.409, "0.6980429591999999"], [1564083376.409, "0.6980429591999999"], [1564083377.409, "0.6980429591999999"], [1564083378.409, "0.13226076980000007"], [1564083379.409, "0.13226076980000007"], [1564083380.409, "0.13226076980000007"], [1564083381.409, "0.13226076980000007"], [1564083382.409, "0.13226076980000007"], [1564083383.409, "0.22315109500000008"], [1564083384.409, "0.22315109500000008"], [1564083385.409, "0.22315109500000008"], [1564083386.409, "0.22315109500000008"], [1564083387.409, "0.22315109500000008"], [1564083388.409, "0.2607528164"], [1564083389.409, "0.2607528164"]], "mem_values": []}]}