{"pod": 2, "cpu": "1", "values": [{"qps": 0, "avg_cpu": 0.03375918627748276, "req_lost": 0.09867237978333776, "avg_mem": 1519760.4899310344, "cpu_values": [[1563530017.995, "0"], [1563530018.995, "0"], [1563530019.995, "0"], [1563530020.995, "0"], [1563530021.995, "0"], [1563530022.995, "0"], [1563530023.995, "0"], [1563530024.995, "0"], [1563530025.995, "0"], [1563530026.995, "0"], [1563530027.995, "0"], [1563530028.995, "0"], [1563530029.995, "0"], [1563530030.995, "0.11408407354800001"], [1563530031.995, "0.13256770016799999"], [1563530032.995, "0.2592535639435"], [1563530033.995, "0.29517926002350003"], [1563530034.995, "0.32792264227549994"], [1563530035.995, "0.16052844553549997"], [1563530036.995, "0.17442069459999998"], [1563530037.995, "0"], [1563530038.995, "0"], [1563530039.995, "0"], [1563530040.995, "0"], [1563530041.995, "0"], [1563530042.995, "0.013180961400000024"], [1563530043.995, "0.013180961400000024"], [1563530044.995, "0.013180961400000024"], [1563530045.995, "0.0315201848"], [1563530046.995, "0.0315201848"], [1563530047.995, "0.018339223399999983"], [1563530048.995, "0.018339223399999983"], [1563530049.995, "0.018339223399999983"], [1563530050.995, "0"], [1563530051.995, "0"], [1563530052.995, "0"], [1563530053.995, "0"], [1563530054.995, "0"], [1563530055.995, "0"], [1563530056.995, "0"], [1563530057.995, "0.021181688199999993"], [1563530058.995, "0.021181688199999993"], [1563530059.995, "0.021181688199999993"], [1563530060.995, "0.03564379240000002"], [1563530061.995, "0.03564379240000002"], [1563530062.995, "0.014462104200000025"], [1563530063.995, "0.014462104200000025"], [1563530064.995, "0.014462104200000025"], [1563530065.995, "0"], [1563530066.995, "0"], [1563530067.995, "0.018475222000000003"], [1563530068.995, "0.018475222000000003"], [1563530069.995, "0.018475222000000003"], [1563530070.995, "0.03165130760000001"], [1563530071.995, "0.03165130760000001"], [1563530072.995, "0.013176085600000009"], [1563530073.995, "0.013176085600000009"], [1563530074.995, "0.013176085600000009"]], "mem_values": [[1563530017.995, "0"], [1563530018.995, "0"], [1563530019.995, "0"], [1563530020.995, "0"], [1563530021.995, "0"], [1563530022.995, "0"], [1563530023.995, "0"], [1563530024.995, "0"], [1563530025.995, "0"], [1563530026.995, "0"], [1563530027.995, "0"], [1563530028.995, "0"], [1563530029.995, "0"], [1563530030.995, "3684499.4560000002"], [1563530031.995, "4183556.096"], [1563530032.995, "8520507.392"], [1563530033.995, "9336037.376"], [1563530034.995, "9843613.696"], [1563530035.995, "5075763.2"], [1563530036.995, "5075763.2"], [1563530037.995, "0"], [1563530038.995, "0"], [1563530039.995, "0"], [1563530040.995, "0"], [1563530041.995, "0"], [1563530042.995, "163840"], [1563530043.995, "163840"], [1563530044.995, "163840"], [1563530045.995, "636518.4"], [1563530046.995, "636518.4"], [1563530047.995, "472678.4"], [1563530048.995, "472678.4"], [1563530049.995, "472678.4"], [1563530050.995, "0"], [1563530051.995, "0"], [1563530052.995, "0"], [1563530053.995, "0"], [1563530054.995, "0"], [1563530055.995, "0"], [1563530056.995, "0"], [1563530057.995, "7627571.2"], [1563530058.995, "7627571.2"], [1563530059.995, "7627571.2"], [1563530060.995, "7814348.8"], [1563530061.995, "7814348.8"], [1563530062.995, "186777.6"], [1563530063.995, "186777.6"], [1563530064.995, "186777.6"], [1563530065.995, "0"], [1563530066.995, "0"], [1563530067.995, "11468.8"], [1563530068.995, "11468.8"], [1563530069.995, "11468.8"], [1563530070.995, "34406.399999999994"], [1563530071.995, "34406.399999999994"], [1563530072.995, "22937.6"], [1563530073.995, "22937.6"], [1563530074.995, "22937.6"]]}, {"qps": 1000, "avg_cpu": 0.5005234750635755, "req_lost": 0.006197417563025276, "avg_mem": 1213273.1549427817, "cpu_values": [[1563530135.261, "0"], [1563530136.261, "0"], [1563530137.261, "0"], [1563530138.261, "0"], [1563530139.261, "0"], [1563530140.261, "0"], [1563530141.261, "0"], [1563530142.261, "0"], [1563530143.261, "0"], [1563530144.261, "0"], [1563530145.261, "0"], [1563530146.261, "0"], [1563530147.261, "0"], [1563530148.261, "0.5497436447905"], [1563530149.261, "0.6251070152905001"], [1563530150.261, "0.7004703857905"], [1563530151.261, "0.753633705"], [1563530152.261, "0.753633705"], [1563530153.261, "0"], [1563530154.261, "0"], [1563530155.261, "0"], [1563530156.261, "0"], [1563530157.261, "0"], [1563530158.261, "0.6097310756000003"], [1563530159.261, "0.6097310756000003"], [1563530160.261, "0.6097310756000001"], [1563530161.261, "0.6097310756000001"], [1563530162.261, "0.6097310756000001"], [1563530163.261, "0"], [1563530164.261, "0"], [1563530165.261, "0"], [1563530166.261, "1.17742384058984"], [1563530167.261, "1.3609763458298398"], [1563530168.261, "1.5445288510698396"], [1563530169.261, "1.7280813563098398"], [1563530170.261, "1.8355250524"], [1563530171.261, "0"], [1563530172.261, "0"], [1563530173.261, "0.7962359414"], [1563530174.261, "0.7962359414"], [1563530175.261, "0.7962359413999998"], [1563530176.261, "1.6275268563999998"], [1563530177.261, "1.6275268563999998"], [1563530178.261, "0.831290915"], [1563530179.261, "0.831290915"], [1563530180.261, "0.831290915"], [1563530181.261, "0"], [1563530182.261, "0"], [1563530183.261, "0"], [1563530184.261, "0"], [1563530185.261, "0"], [1563530186.261, "0"], [1563530187.261, "0"], [1563530188.261, "0.9800331927614481"], [1563530189.261, "0.9800331927614481"], [1563530190.261, "0.9800331927614481"], [1563530191.261, "1.6633036833614483"], [1563530192.261, "1.6633036833614483"], [1563530193.261, "0.6832704906000003"], [1563530194.261, "0.6832704906000003"], [1563530195.261, "0.6832704906000003"]], "mem_values": [[1563530135.261, "0"], [1563530136.261, "0"], [1563530137.261, "0"], [1563530138.261, "0"], [1563530139.261, "0"], [1563530140.261, "0"], [1563530141.261, "0"], [1563530142.261, "0"], [1563530143.261, "0"], [1563530144.261, "0"], [1563530145.261, "0"], [1563530146.261, "0"], [1563530147.261, "0"], [1563530148.261, "928153.6000000002"], [1563530149.261, "928153.6000000002"], [1563530150.261, "928153.6"], [1563530151.261, "928153.6"], [1563530152.261, "928153.6"], [1563530153.261, "0"], [1563530154.261, "0"], [1563530155.261, "0"], [1563530156.261, "0"], [1563530157.261, "0"], [1563530158.261, "257228.80000000005"], [1563530159.261, "257228.80000000005"], [1563530160.261, "257228.8"], [1563530161.261, "257228.8"], [1563530162.261, "257228.8"], [1563530163.261, "0"], [1563530164.261, "0"], [1563530165.261, "0"], [1563530166.261, "1080524.8"], [1563530167.261, "1080524.8"], [1563530168.261, "1080524.8"], [1563530169.261, "1080524.8"], [1563530170.261, "1080524.8"], [1563530171.261, "0"], [1563530172.261, "0"], [1563530173.261, "316211.20000000007"], [1563530174.261, "316211.20000000007"], [1563530175.261, "316211.2"], [1563530176.261, "1580236.8"], [1563530177.261, "1580236.8"], [1563530178.261, "1264025.6"], [1563530179.261, "1264025.6"], [1563530180.261, "1264025.6"], [1563530181.261, "0"], [1563530182.261, "0"], [1563530183.261, "0"], [1563530184.261, "0"], [1563530185.261, "0"], [1563530186.261, "0"], [1563530187.261, "0"], [1563530188.261, "961548.4903019394"], [1563530189.261, "961548.4903019394"], [1563530190.261, "961548.4903019394"], [1563530191.261, "10955788.490301939"], [1563530192.261, "10955788.490301939"], [1563530193.261, "9994240"], [1563530194.261, "9994240"], [1563530195.261, "9994240"]]}, {"qps": 2000, "avg_cpu": 0.7989624396393444, "req_lost": 0.005243315062053444, "avg_mem": 1803381.5081967213,