{"pod": 3, "cpu": "1", "values": [{"qps": 0, "avg_cpu": 0.04658457218399036, "req_lost": 0.13269747482932415, "avg_mem": 1419920.8244428039, "cpu_values": [[1563530633.099, "0"], [1563530634.099, "0"], [1563530635.099, "0"], [1563530636.099, "0"], [1563530637.099, "0"], [1563530638.099, "0"], [1563530639.099, "0"], [1563530640.099, "0"], [1563530641.099, "0"], [1563530642.099, "0"], [1563530643.099, "0.11102338818167334"], [1563530644.099, "0.1307798108908367"], [1563530645.099, "0.1505362336"], [1563530646.099, "0.2701135149288434"], [1563530647.099, "0.30688610255800675"], [1563530648.099, "0.24279376714702938"], [1563530649.099, "0.27900065997867596"], [1563530650.099, "0.31520755281032253"], [1563530651.099, "0.16651276242228918"], [1563530652.099, "0.18570349033393577"], [1563530653.099, "0"], [1563530654.099, "0"], [1563530655.099, "0"], [1563530656.099, "0"], [1563530657.099, "0"], [1563530658.099, "0.004679450288902151"], [1563530659.099, "0.004679450288902151"], [1563530660.099, "0.004679450288902151"], [1563530661.099, "0.02657987928890215"], [1563530662.099, "0.02657987928890215"], [1563530663.099, "0.042599386438265385"], [1563530664.099, "0.042599386438265385"], [1563530665.099, "0.042599386438265385"], [1563530666.099, "0.020698957438265383"], [1563530667.099, "0.020698957438265383"], [1563530668.099, "0"], [1563530669.099, "0"], [1563530670.099, "0"], [1563530671.099, "0"], [1563530672.099, "0"], [1563530673.099, "0.006422306400000011"], [1563530674.099, "0.006422306400000011"], [1563530675.099, "0.006422306400000011"], [1563530676.099, "0.006422306400000011"], [1563530677.099, "0.006422306400000011"], [1563530678.099, "0.022557903999999997"], [1563530679.099, "0.022557903999999997"], [1563530680.099, "0.022557903999999997"], [1563530681.099, "0.045651523200000016"], [1563530682.099, "0.045651523200000016"], [1563530683.099, "0.023093619200000016"], [1563530684.099, "0.023093619200000016"], [1563530685.099, "0.023093619200000016"], [1563530686.099, "0"], [1563530687.099, "0"], [1563530688.099, "0"], [1563530689.099, "0"]], "mem_values": [[1563530633.099, "0"], [1563530634.099, "0"], [1563530635.099, "0"], [1563530636.099, "0"], [1563530637.099, "0"], [1563530638.099, "0"], [1563530639.099, "0"], [1563530640.099, "0"], [1563530641.099, "0"], [1563530642.099, "0"], [1563530643.099, "3791143.5321115544"], [1563530644.099, "4396405.046055777"], [1563530645.099, "5001666.5600000005"], [1563530646.099, "9402553.648344224"], [1563530647.099, "10428234.313842231"], [1563530648.099, "8679077.87319518"], [1563530649.099, "9842628.099701205"], [1563530650.099, "10690514.35180723"], [1563530651.099, "5474134.978313252"], [1563530652.099, "5835566.26506024"], [1563530653.099, "0"], [1563530654.099, "0"], [1563530655.099, "0"], [1563530656.099, "0"], [1563530657.099, "0"], [1563530658.099, "149346.08487746565"], [1563530659.099, "149346.08487746565"], [1563530660.099, "149346.08487746565"], [1563530661.099, "650696.4848774656"], [1563530662.099, "650696.4848774656"], [1563530663.099, "1096713.5800843206"], [1563530664.099, "1096713.5800843206"], [1563530665.099, "1096713.5800843206"], [1563530666.099, "595363.1800843205"], [1563530667.099, "595363.1800843205"], [1563530668.099, "0"], [1563530669.099, "0"], [1563530670.099, "0"], [1563530671.099, "0"], [1563530672.099, "0"], [1563530673.099, "131891.2"], [1563530674.099, "131891.2"], [1563530675.099, "131891.2"], [1563530676.099, "131891.2"], [1563530677.099, "131891.2"], [1563530678.099, "100761.6"], [1563530679.099, "100761.6"], [1563530680.099, "100761.6"], [1563530681.099, "100761.6"], [1563530682.099, "100761.6"], [1563530683.099, "0"], [1563530684.099, "0"], [1563530685.099, "0"], [1563530686.099, "0"], [1563530687.099, "0"], [1563530688.099, "0"], [1563530689.099, "0"]]}, {"qps": 1000, "avg_cpu": 0.5857729384581836, "req_lost": 0.006898162454060941, "avg_mem": 670916.4806185263, "cpu_values": [[1563530749.364, "0"], [1563530750.364, "0"], [1563530751.364, "0"], [1563530752.364, "0"], [1563530753.364, "0.154426053042434"], [1563530754.364, "0.154426053042434"], [1563530755.364, "0.154426053042434"], [1563530756.364, "0.154426053042434"], [1563530757.364, "0.154426053042434"], [1563530758.364, "0"], [1563530759.364, "0"], [1563530760.364, "0"], [1563530761.364, "0.30894946455710004"], [1563530762.364, "0.318762859"], [1563530763.364, "0.318762859"], [1563530764.364, "0.318762859"], [1563530765.364, "0.318762859"], [1563530766.364, "0"], [1563530767.364, "0"], [1563530768.364, "1.4860820506169603"], [1563530769.364, "1.6951213664569602"], [1563530770.364, "1.9041606822969603"], [1563530771.364, "2.06790642157552"], [1563530772.364, "2.0903931584"], [1563530773.364, "0"], [1563530774.364, "0"], [1563530775.364, "0"], [1563530776.364, "0.48497551440000003"], [1563530777.364, "0.48497551440000003"], [1563530778.364, "0.48497551440000003"], [1563530779.364, "0.48497551440000003"], [1563530780.364, "0.48497551440000003"], [1563530781.364, "0"], [1563530782.364, "0"], [1563530783.364, "1.643311617"], [1563530784.364, "1.643311617"], [1563530785.364, "1.643311617"], [1563530786.364, "1.643311617"], [1563530787.364, "1.643311617"], [1563530788.364, "0"], [1563530789.364, "0"], [1563530790.364, "0"], [1563530791.364, "0.45108617859999994"], [1563530792.364, "0.45108617859999994"], [1563530793.364, "0.9406054548552509"], [1563530794.364, "0.9406054548552509"], [1563530795.364, "0.9406054548552509"], [1563530796.364, "0.48951927625525105"], [1563530797.364, "0.48951927625525105"], [1563530798.364, "0"], [1563530799.364, "0"], [1563530800.364, "0"], [1563530801.364, "0.2900389232"], [1563530802.364, "0.2900389232"], [1563530803.364, "1.4715376823445134"], [1563530804.364, "1.4715376823445134"], [1563530805.364, "1.4715376823445134"], [1563530806.364, "1.1814987591445134"], [1563530807.364, "1.1814987591445134"], [1563530808.364, "0.7151015289173507"], [1563530809.364, "0.7151015289173507"]], "mem_values": [[1563530749.364, "0"], [1563530750.364, "0"], [1563530751.364, "0"], [1563530752.364, "0"], [1563530753.364, "332041.6333066453"], [1563530754.364, "332041.6333066453"], [1563530755.364, "332041.6333066453"], [1563530756.364, "332041.6333066453"], [1563530757.364, "332041.6333066453"], [1563530758.364, "0"], [1563530759.364, "0"], [1563530760.364, "0"], [1563530761.364, "87654.4"], [1563530762.364, "87654.4"], [1563530763.364, "87654.4"], [1563530764.364, "87654.4"], [1563530765.364, "87654.4"], [1563530766.364, "0"], [1563530767.364, "0"], [1563530768.364, "1530265.6"], [1563530769.364, "1530265.6"], [1563530770.364, "1530265.6"], [1563530771.364, "1530265.6"], [1563530772.364, "1530265.6"], [1563530773.364, "0"], [1563530774.364, "0"], [1563530775.364, "0"], [1563530776.364, "196608"], [1563530777.364, "196608"], [1563530778.364, "196608"], [1563530779.364, "196608"], [1563530780.364, "196608"], [1563530781.364, "0"], [1563530782.364, "0"], [1563530783.364, "1039564.7999999999"], [1563530784.364, "1039564.7999999999"], [1563530785.364, "1039564.7999999999"], [1563530786.364, "1039564.7999999999"], [1563530787.364, "1039564.7999999999"], [1563530788.364, "0"], [1563530789.364, "0"], [1563530790.364, "0"], [1563530791.364, "215449.6"], [1563530792.364, "215449.6"], [1563530793.364, "378503.0106821364"], [1563530794.364, "378503.0106821364"], [1563530795.364, "378503.0106821364"], [1563530796.364, "163053.41068213643"], [1563530797.364, "163053.41068213643"], [1563530798.364, "0"], [1563530799.364, "0"], [1563530800.364, "0"], [1563530801.364, "79462.4"], [1563530802.364, "79462.4"], [1563530803.364, "1044720.0454127524"], [1563530804.364, "1044720.0454127524"], [1563530805.364, "1044720.0454127524"], [1563530806.364, "965257.6454127524"], [1563530807.364, "965257.6454127524"], [1563530808.364, "8939558.935361218"], [1563530809.364, "8939558.935361218"]]}, {"qps": 2000, "avg_cpu": 1.0038810651911743, "req_lost": 0.00439823488012081, "avg_mem": 2019153.416393443,