{"pod": 1, "cpu": "1", "values": [{"qps": 0, "avg_cpu": 0.020675831185264285, "req_lost": 0.01517793095441311, "avg_mem": 1198673.4167771428, "cpu_values": [[1563529527.902, "0"], [1563529528.902, "0"], [1563529529.902, "0"], [1563529530.902, "0"], [1563529531.902, "0"], [1563529532.902, "0"], [1563529533.902, "0"], [1563529534.902, "0"], [1563529535.902, "0"], [1563529536.902, "0"], [1563529537.902, "0.11170172303496"], [1563529538.902, "0.13225943931496"], [1563529539.902, "0.15281715559496"], [1563529540.902, "0.17337487187496"], [1563529541.902, "0.19393258815496"], [1563529542.902, "0"], [1563529543.902, "0"], [1563529544.902, "0"], [1563529545.902, "0"], [1563529546.902, "0"], [1563529547.902, "0"], [1563529548.902, "0"], [1563529549.902, "0"], [1563529550.902, "0"], [1563529551.902, "0"], [1563529552.902, "0.040081847200000006"], [1563529553.902, "0.040081847200000006"], [1563529554.902, "0.040081847200000006"], [1563529555.902, "0.040081847200000006"], [1563529556.902, "0.040081847200000006"], [1563529557.902, "0"], [1563529558.902, "0"], [1563529559.902, "0"], [1563529560.902, "0"], [1563529561.902, "0"], [1563529562.902, "0"], [1563529563.902, "0"], [1563529564.902, "0"], [1563529565.902, "0"], [1563529566.902, "0"], [1563529567.902, "0.030034433400000005"], [1563529568.902, "0.030034433400000005"], [1563529569.902, "0.030034433400000005"], [1563529570.902, "0.030034433400000005"], [1563529571.902, "0.030034433400000005"], [1563529572.902, "0"], [1563529573.902, "0"], [1563529574.902, "0"], [1563529575.902, "0"], [1563529576.902, "0"], [1563529577.902, "0"], [1563529578.902, "0"], [1563529579.902, "0"], [1563529580.902, "0"], [1563529581.902, "0"], [1563529582.902, "0.04317936539999998"]], "mem_values": [[1563529527.902, "0"], [1563529528.902, "0"], [1563529529.902, "0"], [1563529530.902, "0"], [1563529531.902, "0"], [1563529532.902, "0"], [1563529533.902, "0"], [1563529534.902, "0"], [1563529535.902, "0"], [1563529536.902, "0"], [1563529537.902, "3913802.87488"], [1563529538.902, "4559086.71488"], [1563529539.902, "5204370.554879999"], [1563529540.902, "5849654.39488"], [1563529541.902, "6452838.4"], [1563529542.902, "0"], [1563529543.902, "0"], [1563529544.902, "0"], [1563529545.902, "0"], [1563529546.902, "0"], [1563529547.902, "0"], [1563529548.902, "0"], [1563529549.902, "0"], [1563529550.902, "0"], [1563529551.902, "0"], [1563529552.902, "242483.2"], [1563529553.902, "242483.2"], [1563529554.902, "242483.2"], [1563529555.902, "242483.2"], [1563529556.902, "242483.2"], [1563529557.902, "0"], [1563529558.902, "0"], [1563529559.902, "0"], [1563529560.902, "0"], [1563529561.902, "0"], [1563529562.902, "0"], [1563529563.902, "0"], [1563529564.902, "0"], [1563529565.902, "0"], [1563529566.902, "0"], [1563529567.902, "7959347.2"], [1563529568.902, "7959347.2"], [1563529569.902, "7959347.2"], [1563529570.902, "7959347.2"], [1563529571.902, "7959347.2"], [1563529572.902, "0"], [1563529573.902, "0"], [1563529574.902, "0"], [1563529575.902, "0"], [1563529576.902, "0"], [1563529577.902, "0"], [1563529578.902, "0"], [1563529579.902, "0"], [1563529580.902, "0"], [1563529581.902, "0"], [1563529582.902, "136806.4"]]}, {"qps": 1000, "avg_cpu": 0.4465107815369527, "req_lost": 0.009679064733036924, "avg_mem": 464793.7227327206, "cpu_values": [[1563529643.057, "0"], [1563529644.057, "0"], [1563529645.057, "0"], [1563529646.057, "0"], [1563529647.057, "0"], [1563529648.057, "0.38749044337324"], [1563529649.057, "0.4141875052"], [1563529650.057, "0.4141875052"], [1563529651.057, "0.4141875052"], [1563529652.057, "0.4141875052"], [1563529653.057, "0"], [1563529654.057, "0"], [1563529655.057, "0"], [1563529656.057, "0"], [1563529657.057, "0"], [1563529658.057, "0"], [1563529659.057, "0"], [1563529660.057, "0"], [1563529661.057, "0"], [1563529662.057, "0"], [1563529663.057, "1.25407398981444"], [1563529664.057, "1.4214216679344402"], [1563529665.057, "1.5887693460544403"], [1563529666.057, "1.6734767812000002"], [1563529667.057, "1.6734767812000002"], [1563529668.057, "0"], [1563529669.057, "0"], [1563529670.057, "0"], [1563529671.057, "0"], [1563529672.057, "0"], [1563529673.057, "0"], [1563529674.057, "0"], [1563529675.057, "0"], [1563529676.057, "0"], [1563529677.057, "0"], [1563529678.057, "1.5198082916"], [1563529679.057, "1.5198082916"], [1563529680.057, "1.5198082916"], [1563529681.057, "1.5198082916"], [1563529682.057, "1.5198082916"], [1563529683.057, "0"], [1563529684.057, "0"], [1563529685.057, "0"], [1563529686.057, "0"], [1563529687.057, "0"], [1563529688.057, "0"], [1563529689.057, "0"], [1563529690.057, "0"], [1563529691.057, "0"], [1563529692.057, "0"], [1563529693.057, "0"], [1563529694.057, "0"], [1563529695.057, "0"], [1563529696.057, "0"], [1563529697.057, "0"], [1563529698.057, "1.9965314370755092"], [1563529699.057, "1.9965314370755092"], [1563529700.057, "1.9965314370755092"], [1563529701.057, "1.9965314370755092"], [1563529702.057, "1.9965314370755092"], [1563529703.057, "0"]], "mem_values": [[1563529643.057, "0"], [1563529644.057, "0"], [1563529645.057, "0"], [1563529646.057, "0"], [1563529647.057, "0"], [1563529648.057, "423526.4"], [1563529649.057, "423526.4"], [1563529650.057, "423526.4"], [1563529651.057, "423526.4"], [1563529652.057, "423526.4"], [1563529653.057, "0"], [1563529654.057, "0"], [1563529655.057, "0"], [1563529656.057, "0"], [1563529657.057, "0"], [1563529658.057, "0"], [1563529659.057, "0"], [1563529660.057, "0"], [1563529661.057, "0"], [1563529662.057, "0"], [1563529663.057, "1789952"], [1563529664.057, "1789952"], [1563529665.057, "1789952"], [1563529666.057, "1789952"], [1563529667.057, "1789952"], [1563529668.057, "0"], [1563529669.057, "0"], [1563529670.057, "0"], [1563529671.057, "0"], [1563529672.057, "0"], [1563529673.057, "0"], [1563529674.057, "0"], [1563529675.057, "0"], [1563529676.057, "0"], [1563529677.057, "0"], [1563529678.057, "27852.8"], [1563529679.057, "27852.8"], [1563529680.057, "27852.8"], [1563529681.057, "27852.8"], [1563529682.057, "27852.8"], [1563529683.057, "0"], [1563529684.057, "0"], [1563529685.057, "0"], [1563529686.057, "0"], [1563529687.057, "0"], [1563529688.057, "0"], [1563529689.057, "0"], [1563529690.057, "0"], [1563529691.057, "0"], [1563529692.057, "0"], [1563529693.057, "0"], [1563529694.057, "0"], [1563529695.057, "0"], [1563529696.057, "0"], [1563529697.057, "0"], [1563529698.057, "3429152.217339193"], [1563529699.057, "3429152.217339193"], [1563529700.057, "3429152.217339193"], [1563529701.057, "3429152.217339193"], [1563529702.057, "3429152.217339193"], [1563529703.057, "0"]]}, {"qps": 2000, "avg_cpu": 0.6548216888950819, "req_lost": 0.011914666904633275, "avg_mem": 2278383.2131147543,