{"pod": 1, "cpu": "100m", "values": [{"qps": 100, "avg_cpu": 0.08305227243151803, "req_lost": 5.558185476875421, "avg_mem": "N/A", "cpu_values": [[1564089558.155, "0"], [1564089559.155, "0"], [1564089560.155, "0"], [1564089561.155, "0"], [1564089562.155, "0"], [1564089563.155, "0"], [1564089564.155, "0"], [1564089565.155, "0"], [1564089566.155, "0"], [1564089567.155, "0"], [1564089568.155, "0.1535822589981"], [1564089569.155, "0.1815533658581"], [1564089570.155, "0.20952447271809999"], [1564089571.155, "0.23749557957810002"], [1564089572.155, "0.2654666864381"], [1564089573.155, "0"], [1564089574.155, "0"], [1564089575.155, "0"], [1564089576.155, "0"], [1564089577.155, "0"], [1564089578.155, "0"], [1564089579.155, "0"], [1564089580.155, "0"], [1564089581.155, "0"], [1564089582.155, "0"], [1564089583.155, "0.31656971850753884"], [1564089584.155, "0.3230698787395293"], [1564089585.155, "0.3230698787395293"], [1564089586.155, "0.3230698787395293"], [1564089587.155, "0.3230698787395293"], [1564089588.155, "0"], [1564089589.155, "0"], [1564089590.155, "0"], [1564089591.155, "0"], [1564089592.155, "0"], [1564089593.155, "0"], [1564089594.155, "0"], [1564089595.155, "0"], [1564089596.155, "0"], [1564089597.155, "0"], [1564089598.155, "0"], [1564089599.155, "0"], [1564089600.155, "0"], [1564089601.155, "0"], [1564089602.155, "0"], [1564089603.155, "0.38228067733546706"], [1564089604.155, "0.38228067733546706"], [1564089605.155, "0.38228067733546706"], [1564089606.155, "0.38228067733546706"], [1564089607.155, "0.38228067733546706"], [1564089608.155, "0"], [1564089609.155, "0"], [1564089610.155, "0"], [1564089611.155, "0"], [1564089612.155, "0"]], "mem_values": []}, {"qps": 200, "avg_cpu": 0.07891180932204941, "req_lost": 49.905089076668766, "avg_mem": "N/A", "cpu_values": [[1564089672.355, "0"], [1564089673.355, "0"], [1564089674.355, "0"], [1564089675.355, "0"], [1564089676.355, "0"], [1564089677.355, "0"], [1564089678.355, "0"], [1564089679.355, "0"], [1564089680.355, "0"], [1564089681.355, "0"], [1564089682.355, "0"], [1564089683.355, "0.1238746835999999"], [1564089684.355, "0.1238746835999999"], [1564089685.355, "0.1238746835999999"], [1564089686.355, "0.1238746835999999"], [1564089687.355, "0.1238746835999999"], [1564089688.355, "0"], [1564089689.355, "0"], [1564089690.355, "0"], [1564089691.355, "0"], [1564089692.355, "0"], [1564089693.355, "0.22916627585517105"], [1564089694.355, "0.22916627585517105"], [1564089695.355, "0.22916627585517105"], [1564089696.355, "0.22916627585517105"], [1564089697.355, "0.22916627585517105"], [1564089698.355, "0"], [1564089699.355, "0"], [1564089700.355, "0"], [1564089701.355, "0"], [1564089702.355, "0"], [1564089703.355, "0"], [1564089704.355, "0"], [1564089705.355, "0"], [1564089706.355, "0"], [1564089707.355, "0"], [1564089708.355, "0"], [1564089709.355, "0"], [1564089710.355, "0"], [1564089711.355, "0"], [1564089712.355, "0"], [1564089713.355, "0.3912991628000002"], [1564089714.355, "0.3912991628000002"], [1564089715.355, "0.3912991628000002"], [1564089716.355, "0.3912991628000002"], [1564089717.355, "0.3912991628000002"], [1564089718.355, "0"], [1564089719.355, "0"], [1564089720.355, "0"], [1564089721.355, "0"], [1564089722.355, "0"], [1564089723.355, "0.21838395147383166"], [1564089724.355, "0.21838395147383166"], [1564089725.355, "0.21838395147383166"], [1564089726.355, "0.21838395147383166"], [1564089727.355, "0.21838395147383166"], [1564089728.355, "0"], [1564089729.355, "0"], [1564089730.355, "0"], [1564089731.355, "0"], [1564089732.355, "0"]], "mem_values": []}, {"qps": 300, "avg_cpu": 0.07153616081223252, "req_lost": 66.11989434989243, "avg_mem": "N/A", "cpu_values": [[1564089792.689, "0"], [1564089793.689, "0"], [1564089794.689, "0"], [1564089795.689, "0"], [1564089796.689, "0"], [1564089797.689, "0"], [1564089798.689, "0"], [1564089799.689, "0"], [1564089800.689, "0"], [1564089801.689, "0"], [1564089802.689, "0"], [1564089803.689, "0.1271171798000001"], [1564089804.689, "0.1271171798000001"], [1564089805.689, "0.1271171798000001"], [1564089806.689, "0.1271171798000001"], [1564089807.689, "0.1271171798000001"], [1564089808.689, "0"], [1564089809.689, "0"], [1564089810.689, "0"], [1564089811.689, "0"], [1564089812.689, "0"], [1564089813.689, "0.25561908019999996"], [1564089814.689, "0.25561908019999996"], [1564089815.689, "0.25561908019999996"], [1564089816.689, "0.25561908019999996"], [1564089817.689, "0.25561908019999996"], [1564089818.689, "0"], [1564089819.689, "0"], [1564089820.689, "0"], [1564089821.689, "0"], [1564089822.689, "0"], [1564089823.689, "0"], [1564089824.689, "0"], [1564089825.689, "0"], [1564089826.689, "0"], [1564089827.689, "0"], [1564089828.689, "0.23075228290923655"], [1564089829.689, "0.23075228290923655"], [1564089830.689, "0.23075228290923655"], [1564089831.689, "0.23075228290923655"], [1564089832.689, "0.23075228290923655"], [1564089833.689, "0"], [1564089834.689, "0"], [1564089835.689, "0"], [1564089836.689, "0"], [1564089837.689, "0"], [1564089838.689, "0.2592526190000001"], [1564089839.689, "0.2592526190000001"], [1564089840.689, "0.2592526190000001"], [1564089841.689, "0.2592526190000001"], [1564089842.689, "0.2592526190000001"], [1564089843.689, "0"], [1564089844.689, "0"], [1564089845.689, "0"], [1564089846.689, "0"], [1564089847.689, "0"], [1564089848.689, "0"], [1564089849.689, "0"], [1564089850.689, "0"], [1564089851.689, "0"], [1564089852.689, "0"]], "mem_values": []}, {"qps": 400, "avg_cpu": 0.07863448210394997, "req_lost": 75.66471404980727, "avg_mem": "N/A", "cpu_values": [[1564089913.129, "0"], [1564089914.129, "0"], [1564089915.129, "0"], [1564089916.129, "0"], [1564089917.129, "0"], [1564089918.129, "0"], [1564089919.129, "0"], [1564089920.129, "0"], [1564089921.129, "0"], [1564089922.129, "0"], [1564089923.129, "0"], [1564089924.129, "0"], [1564089925.129, "0"], [1564089926.129, "0"], [1564089927.129, "0"], [1564089928.129, "0"], [1564089929.129, "0"], [1564089930.129, "0"], [1564089931.129, "0"], [1564089932.129, "0"], [1564089933.129, "0.3707115579999999"], [1564089934.129, "0.3707115579999999"], [1564089935.129, "0.370711558"], [1564089936.129, "0.370711558"], [1564089937.129, "0.370711558"], [1564089938.129, "0"], [1564089939.129, "0"], [1564089940.129, "0"], [1564089941.129, "0"], [1564089942.129, "0"], [1564089943.129, "0"], [1564089944.129, "0"], [1564089945.129, "0"], [1564089946.129, "0"], [1564089947.129, "0"], [1564089948.129, "0"], [1564089949.129, "0"], [1564089950.129, "0"], [1564089951.129, "0"], [1564089952.129, "0"], [1564089953.129, "0.32600973540000017"], [1564089954.129, "0.32600973540000017"], [1564089955.129, "0.3260097354000003"], [1564089956.129, "0.3260097354000003"], [1564089957.129, "0.3260097354000003"], [1564089958.129, "0"], [1564089959.129, "0"], [1564089960.129, "0"], [1564089961.129, "0"], [1564089962.129, "0"], [1564089963.129, "0.21663174094818927"], [1564089964.129, "0.21663174094818927"], [1564089965.129, "0.21663174094818927"], [1564089966.129, "0.21663174094818927"], [1564089967.129, "0.21663174094818927"], [1564089968.129, "0"], [1564089969.129, "0"], [1564089970.129, "0"], [1564089971.129, "0"], [1564089972.129, "0"], [1564089973.129, "0.2299382366000003"]], "mem_values": []}]}