{"pod": 5, "cpu": "100m", "values": [{"qps": 100, "avg_cpu": 0.20746018330132623, "req_lost": 0.009132284271007318, "avg_mem": "N/A", "cpu_values": [[1564090548.78, "0"], [1564090549.78, "0"], [1564090550.78, "0"], [1564090551.78, "0"], [1564090552.78, "0"], [1564090553.78, "0"], [1564090554.78, "0"], [1564090555.78, "0"], [1564090556.78, "0"], [1564090557.78, "0"], [1564090558.78, "0.2914238524216"], [1564090559.78, "0.3386844458816"], [1564090560.78, "0.3859450393416"], [1564090561.78, "0.43320563280160007"], [1564090562.78, "0.4726059346"], [1564090563.78, "0.46810106411679997"], [1564090564.78, "0.5443250806968"], [1564090565.78, "0.6205490972768"], [1564090566.78, "0.6967731138568"], [1564090567.78, "0.7622401658"], [1564090568.78, "0.21092696279999998"], [1564090569.78, "0.21092696279999998"], [1564090570.78, "0.21092696279999998"], [1564090571.78, "0.21092696279999998"], [1564090572.78, "0.21092696279999998"], [1564090573.78, "0.1870785244"], [1564090574.78, "0.1870785244"], [1564090575.78, "0.1870785244"], [1564090576.78, "0.1870785244"], [1564090577.78, "0.1870785244"], [1564090578.78, "0.13517319479999998"], [1564090579.78, "0.13517319479999998"], [1564090580.78, "0.13517319479999998"], [1564090581.78, "0.13517319479999998"], [1564090582.78, "0.13517319479999998"], [1564090583.78, "0.3150253930566641"], [1564090584.78, "0.3150253930566641"], [1564090585.78, "0.3150253930566641"], [1564090586.78, "0.3150253930566641"], [1564090587.78, "0.3150253930566641"], [1564090588.78, "0"], [1564090589.78, "0"], [1564090590.78, "0"], [1564090591.78, "0"], [1564090592.78, "0"], [1564090593.78, "0.21331285000000005"], [1564090594.78, "0.21331285000000005"], [1564090595.78, "0.21331285000000005"], [1564090596.78, "0.21331285000000005"], [1564090597.78, "0.21331285000000005"], [1564090598.78, "0.22191702219999998"], [1564090599.78, "0.22191702219999998"], [1564090600.78, "0.22191702219999998"], [1564090601.78, "0.22191702219999998"], [1564090602.78, "0.22191702219999998"], [1564090603.78, "0.2005558228"], [1564090604.78, "0.2005558228"], [1564090605.78, "0.2005558228"]], "mem_values": []}, {"qps": 200, "avg_cpu": 0.2125720934754098, "req_lost": 0.03184278880490332, "avg_mem": "N/A", "cpu_values": [[1564090665.891, "0"], [1564090666.891, "0"], [1564090667.891, "0"], [1564090668.891, "0"], [1564090669.891, "0"], [1564090670.891, "0"], [1564090671.891, "0"], [1564090672.891, "0.1337964812000001"], [1564090673.891, "0.1337964812000001"], [1564090674.891, "0.1337964812000001"], [1564090675.891, "0.1337964812000001"], [1564090676.891, "0.1337964812000001"], [1564090677.891, "0.13176700060000002"], [1564090678.891, "0.13176700060000002"], [1564090679.891, "0.13176700060000002"], [1564090680.891, "0.13176700060000002"], [1564090681.891, "0.13176700060000002"], [1564090682.891, "0.3137267410000001"], [1564090683.891, "0.3137267410000001"], [1564090684.891, "0.3137267410000001"], [1564090685.891, "0.3137267410000001"], [1564090686.891, "0.3137267410000001"], [1564090687.891, "0.36703448959999996"], [1564090688.891, "0.36703448959999996"], [1564090689.891, "0.36703448959999996"], [1564090690.891, "0.36703448959999996"], [1564090691.891, "0.36703448959999996"], [1564090692.891, "0.12646780280000006"], [1564090693.891, "0.12646780280000006"], [1564090694.891, "0.12646780280000006"], [1564090695.891, "0.12646780280000006"], [1564090696.891, "0.12646780280000006"], [1564090697.891, "0.33728871159999985"], [1564090698.891, "0.33728871159999985"], [1564090699.891, "0.33728871159999985"], [1564090700.891, "0.33728871159999985"], [1564090701.891, "0.33728871159999985"], [1564090702.891, "0.371943291"], [1564090703.891, "0.371943291"], [1564090704.891, "0.371943291"], [1564090705.891, "0.371943291"], [1564090706.891, "0.371943291"], [1564090707.891, "0.2790498297999999"], [1564090708.891, "0.2790498297999999"], [1564090709.891, "0.2790498297999999"], [1564090710.891, "0.2790498297999999"], [1564090711.891, "0.2790498297999999"], [1564090712.891, "0.2979237342000001"], [1564090713.891, "0.2979237342000001"], [1564090714.891, "0.2979237342000001"], [1564090715.891, "0.2979237342000001"], [1564090716.891, "0.2979237342000001"], [1564090717.891, "0.23438145860000004"], [1564090718.891, "0.23438145860000004"], [1564090719.891, "0.23438145860000004"], [1564090720.891, "0.23438145860000004"], [1564090721.891, "0.23438145860000004"], [1564090722.891, "0"], [1564090723.891, "0"], [1564090724.891, "0"], [1564090725.891, "0"]], "mem_values": []}, {"qps": 300, "avg_cpu": 0.07540727642768542, "req_lost": 37.0477448297358, "avg_mem": "N/A", "cpu_values": [[1564090786.359, "0"], [1564090787.359, "0"], [1564090788.359, "0"], [1564090789.359, "0"], [1564090790.359, "0"], [1564090791.359, "0"], [1564090792.359, "0"], [1564090793.359, "0.14460662142714364"], [1564090794.359, "0.14460662142714364"], [1564090795.359, "0.14460662142714364"], [1564090796.359, "0.14460662142714364"], [1564090797.359, "0.14460662142714364"], [1564090798.359, "0.2213877536521914"], [1564090799.359, "0.2213877536521914"], [1564090800.359, "0.2213877536521914"], [1564090801.359, "0.2213877536521914"], [1564090802.359, "0.2213877536521914"], [1564090803.359, "0.1339894932"], [1564090804.359, "0.1339894932"], [1564090805.359, "0.1339894932"], [1564090806.359, "0.1339894932"], [1564090807.359, "0.1339894932"], [1564090833.359, "0"], [1564090834.359, "0"], [1564090835.359, "0"], [1564090836.359, "0"], [1564090837.359, "0"], [1564090838.359, "0.04294852200000001"], [1564090839.359, "0.04294852200000001"], [1564090840.359, "0.04294852200000001"], [1564090841.359, "0.04294852200000001"], [1564090842.359, "0.04294852200000001"], [1564090843.359, "0"], [1564090844.359, "0"], [1564090845.359, "0"], [1564090846.359, "0"]], "mem_values": []}, {"qps": 400, "avg_cpu": 0.1760971996853208, "req_lost": 44.811710102207435, "avg_mem": "N/A", "cpu_values": [[1564090907.012, "0"], [1564090908.012, "0"], [1564090909.012, "0"], [1564090910.012, "0"], [1564090911.012, "0"], [1564090912.012, "0"], [1564090913.012, "0.04172848360000039"], [1564090914.012, "0.04172848360000039"], [1564090915.012, "0.04172848360000039"], [1564090916.012, "0.04172848360000039"], [1564090917.012, "0.04172848360000039"], [1564090918.012, "0.11500203819236152"], [1564090919.012, "0.11500203819236152"], [1564090920.012, "0.1150020381923615"], [1564090921.012, "0.1150020381923615"], [1564090922.012, "0.1150020381923615"], [1564090923.012, "0.5666057097419485"], [1564090924.012, "0.5666057097419485"], [1564090925.012, "0.5666057097419485"], [1564090926.012, "0.5666057097419485"], [1564090927.012, "0.5666057097419485"], [1564090928.012, "0.4990008405999998"], [1564090929.012, "0.4990008405999998"], [1564090930.012, "0.4990008405999998"], [1564090931.012, "0.4990008405999998"], [1564090932.012, "0.4990008405999998"], [1564090958.012, "0"], [1564090959.012, "0"], [1564090960.012, "0"], [1564090961.012, "0"], [1564090962.012, "0"], [1564090963.012, "0.04556276559999972"], [1564090964.012, "0.04556276559999972"], [1564090965.012, "0.04556276559999972"], [1564090966.012, "0.04556276559999972"], [1564090967.012, "0.04556276559999972"]], "mem_values": []}, {"qps": 500, "avg_cpu": 0.35129148039707764, "req_lost": 10.865029780199098, "avg_mem": "N/A",