{"pod": 2, "cpu": "100m", "values": [{"qps": 100, "avg_cpu": 0.11661553355961887, "req_lost": 0.010151152769699578, "avg_mem": "N/A", "cpu_values": [[1564090048.785, "0"], [1564090049.785, "0"], [1564090050.785, "0"], [1564090051.785, "0"], [1564090052.785, "0"], [1564090053.785, "0.2523871726029"], [1564090054.785, "0.2930470056629"], [1564090055.785, "0.33370683872289997"], [1564090056.785, "0.37436667178289995"], [1564090057.785, "0.40659833060000006"], [1564090058.785, "0"], [1564090059.785, "0"], [1564090060.785, "0"], [1564090061.785, "0"], [1564090062.785, "0"], [1564090063.785, "0"], [1564090064.785, "0"], [1564090065.785, "0"], [1564090066.785, "0"], [1564090067.785, "0"], [1564090068.785, "0.1593235178"], [1564090069.785, "0.1593235178"], [1564090070.785, "0.1593235178"], [1564090071.785, "0.1593235178"], [1564090072.785, "0.1593235178"], [1564090073.785, "0.25231179628148737"], [1564090074.785, "0.2523117962814874"], [1564090075.785, "0.2523117962814874"], [1564090076.785, "0.2523117962814874"], [1564090077.785, "0.2523117962814874"], [1564090078.785, "0"], [1564090079.785, "0"], [1564090080.785, "0"], [1564090081.785, "0"], [1564090082.785, "0"], [1564090083.785, "0.20119771340000003"], [1564090084.785, "0.20119771340000003"], [1564090085.785, "0.20119771340000003"], [1564090086.785, "0.20119771340000003"], [1564090087.785, "0.20119771340000003"], [1564090088.785, "0.182720312"], [1564090089.785, "0.182720312"], [1564090090.785, "0.182720312"], [1564090091.785, "0.182720312"], [1564090092.785, "0.182720312"], [1564090093.785, "0.15519632579999998"], [1564090094.785, "0.15519632579999998"], [1564090095.785, "0.15519632579999998"], [1564090096.785, "0.15519632579999998"], [1564090097.785, "0.15519632579999998"], [1564090098.785, "0"], [1564090099.785, "0"], [1564090100.785, "0"], [1564090101.785, "0"], [1564090102.785, "0"]], "mem_values": []}, {"qps": 200, "avg_cpu": 0.14401669943873288, "req_lost": 16.70813383616574, "avg_mem": "N/A", "cpu_values": [[1564090162.883, "0"], [1564090163.883, "0"], [1564090164.883, "0"], [1564090165.883, "0"], [1564090166.883, "0"], [1564090167.883, "0.0679553608000001"], [1564090168.883, "0.06795536080000009"], [1564090169.883, "0.06795536080000009"], [1564090170.883, "0.06795536080000009"], [1564090171.883, "0.06795536080000009"], [1564090172.883, "0"], [1564090173.883, "0"], [1564090174.883, "0"], [1564090175.883, "0"], [1564090176.883, "0"], [1564090177.883, "0"], [1564090178.883, "0"], [1564090179.883, "0"], [1564090180.883, "0"], [1564090181.883, "0"], [1564090182.883, "0.5762844796000002"], [1564090183.883, "0.5762844796000002"], [1564090184.883, "0.5762844796000002"], [1564090185.883, "0.5762844796000002"], [1564090186.883, "0.5762844796000002"], [1564090187.883, "0"], [1564090188.883, "0"], [1564090189.883, "0"], [1564090190.883, "0"], [1564090191.883, "0"], [1564090192.883, "0"], [1564090193.883, "0"], [1564090194.883, "0"], [1564090195.883, "0"], [1564090196.883, "0"], [1564090197.883, "0.29196688135254106"], [1564090198.883, "0.29196688135254106"], [1564090199.883, "0.291966881352541"], [1564090200.883, "0.291966881352541"], [1564090201.883, "0.291966881352541"], [1564090202.883, "0.35504145760000005"], [1564090203.883, "0.35504145759999994"], [1564090204.883, "0.35504145759999994"], [1564090205.883, "0.35504145759999994"], [1564090206.883, "0.35504145759999994"], [1564090207.883, "0"], [1564090208.883, "0"], [1564090209.883, "0"], [1564090210.883, "0"], [1564090211.883, "0"], [1564090212.883, "0.46575555379999994"], [1564090213.883, "0.4657555537999999"], [1564090214.883, "0.4657555537999999"], [1564090215.883, "0.4657555537999999"], [1564090216.883, "0.4657555537999999"], [1564090217.883, "0"], [1564090218.883, "0"], [1564090219.883, "0"], [1564090220.883, "0"], [1564090221.883, "0"], [1564090222.883, "0"]], "mem_values": []}, {"qps": 300, "avg_cpu": 0.1533226261935356, "req_lost": 23.300485377560587, "avg_mem": "N/A", "cpu_values": [[1564090283.116, "0"], [1564090284.116, "0"], [1564090285.116, "0"], [1564090286.116, "0"], [1564090287.116, "0"], [1564090288.116, "0"], [1564090289.116, "0"], [1564090290.116, "0"], [1564090291.116, "0"], [1564090292.116, "0"], [1564090293.116, "0.304999145"], [1564090294.116, "0.304999145"], [1564090295.116, "0.304999145"], [1564090296.116, "0.304999145"], [1564090297.116, "0.304999145"], [1564090298.116, "0"], [1564090299.116, "0"], [1564090300.116, "0"], [1564090301.116, "0"], [1564090302.116, "0"], [1564090303.116, "0"], [1564090304.116, "0"], [1564090305.116, "0"], [1564090306.116, "0"], [1564090307.116, "0"], [1564090308.116, "0.292867584"], [1564090309.116, "0.292867584"], [1564090310.116, "0.292867584"], [1564090311.116, "0.292867584"], [1564090312.116, "0.292867584"], [1564090313.116, "0.3433146796640671"], [1564090314.116, "0.3433146796640671"], [1564090315.116, "0.3433146796640671"], [1564090316.116, "0.3433146796640671"], [1564090317.116, "0.3433146796640671"], [1564090318.116, "0.2075846853370676"], [1564090319.116, "0.2075846853370676"], [1564090320.116, "0.2075846853370676"], [1564090321.116, "0.2075846853370676"], [1564090322.116, "0.2075846853370676"], [1564090323.116, "0"], [1564090324.116, "0"], [1564090325.116, "0"], [1564090326.116, "0"], [1564090327.116, "0"], [1564090328.116, "0.3566148068"], [1564090329.116, "0.3566148068"], [1564090330.116, "0.3566148068"], [1564090331.116, "0.3566148068"], [1564090332.116, "0.3566148068"], [1564090333.116, "0.27428714099999996"], [1564090334.116, "0.27428714099999996"], [1564090335.116, "0.27428714099999996"], [1564090336.116, "0.27428714099999996"], [1564090337.116, "0.27428714099999996"], [1564090338.116, "0"], [1564090339.116, "0"], [1564090340.116, "0"], [1564090341.116, "0"], [1564090342.116, "0"], [1564090343.116, "0.4543399888"]], "mem_values": []}, {"qps": 400, "avg_cpu": 0.1421946013277361, "req_lost": 44.75269081265344, "avg_mem": "N/A", "cpu_values": [[1564090403.422, "0"], [1564090404.422, "0"], [1564090405.422, "0"], [1564090406.422, "0"], [1564090407.422, "0"], [1564090408.422, "0.0026244930000004275"], [1564090409.422, "0.0026244930000004275"], [1564090410.422, "0.0026244930000004275"], [1564090411.422, "0.0026244930000004275"], [1564090412.422, "0.0026244930000004275"], [1564090413.422, "0"], [1564090414.422, "0"], [1564090415.422, "0"], [1564090416.422, "0"], [1564090417.422, "0"], [1564090418.422, "0.4365278166000003"], [1564090419.422, "0.4365278166000003"], [1564090420.422, "0.4365278166000003"], [1564090421.422, "0.4365278166000003"], [1564090422.422, "0.4365278166000003"], [1564090423.422, "0"], [1564090424.422, "0"], [1564090425.422, "0"], [1564090426.422, "0"], [1564090427.422, "0"], [1564090428.422, "0"], [1564090429.422, "0"], [1564090430.422, "0"], [1564090431.422, "0"], [1564090432.422, "0"], [1564090433.422, "0.6807298761999996"], [1564090434.422, "0.6807298761999996"], [1564090435.422, "0.6807298761999996"], [1564090436.422, "0.6807298761999996"], [1564090437.422, "0.6807298761999996"], [1564090438.422, "0"], [1564090439.422, "0"], [1564090440.422, "0"], [1564090441.422, "0"], [1564090442.422, "0"], [1564090443.422, "0"], [1564090444.422, "0"], [1564090445.422, "0"], [1564090446.422, "0"], [1564090447.422, "0"], [1564090448.422, "0.2668765694000001"], [1564090449.422, "0.2668765694000001"], [1564090450.422, "0.2668765694000001"], [1564090451.422, "0.2668765694000001"], [1564090452.422, "0.2668765694000001"], [1564090453.422, "0.301135439136518"], [1564090454.422, "0.301135439136518"], [1564090455.422, "0.301135439136518"], [1564090456.422, "0.301135439136518"], [1564090457.422, "0.301135439136518"], [1564090458.422, "0"], [1564090459.422, "0"], [1564090460.422, "0"], [1564090461.422, "0"], [1564090462.422, "0"], [1564090463.422, "0.23439970930930948"]], "mem_values": []}]}