{"pod": 20, "cpu": "50m", "values": [{"qps": 800, "avg_cpu": 0.5796406940250621, "req_lost": 53.6388533203629, "avg_mem": "N/A", "cpu_values": [[1564086715.843, "0"], [1564086716.843, "0"], [1564086717.843, "0.18698858112866001"], [1564086718.843, "0.22061773454866002"], [1564086719.843, "0.25424688796866"], [1564086720.843, "0.28787604138866"], [1564086721.843, "0.32150519480866"], [1564086722.843, "0.6318869196090801"], [1564086723.843, "0.74773438956908"], [1564086724.843, "0.8635818595290801"], [1564086725.843, "0.97942932948908"], [1564086726.843, "1.09527679944908"], [1564086727.843, "0.8691301801808801"], [1564086728.843, "1.0308007967408799"], [1564086729.843, "1.1924714133008798"], [1564086730.843, "1.35414202986088"], [1564086731.843, "1.51535068893996"], [1564086732.843, "0.12401788119999997"], [1564086733.843, "0.12401788119999997"], [1564086734.843, "0.12401788119999997"], [1564086735.843, "0.12401788119999997"], [1564086736.843, "0.12401788119999997"], [1564086737.843, "0.8570734583694599"], [1564086738.843, "0.88508178673572"], [1564086739.843, "0.8892453123999999"], [1564086740.843, "0.8892453123999999"], [1564086741.843, "0.8892453123999999"], [1564086742.843, "1.1246116598"], [1564086743.843, "1.1246116598"], [1564086744.843, "1.1246116598"], [1564086745.843, "1.1246116598"], [1564086746.843, "1.1246116598"], [1564086747.843, "0.47356814419999993"], [1564086748.843, "0.47356814419999993"], [1564086749.843, "0.47356814419999993"], [1564086750.843, "0.47356814419999993"], [1564086751.843, "0.47356814419999993"], [1564086752.843, "0.29480066920000003"], [1564086753.843, "0.29480066920000003"], [1564086754.843, "0.29480066920000003"], [1564086755.843, "0.29480066920000003"], [1564086756.843, "0.29480066920000003"], [1564086757.843, "0.6901286296000001"], [1564086758.843, "0.6901286296000001"], [1564086759.843, "0.6901286296000001"], [1564086760.843, "0.6901286296000001"], [1564086761.843, "0.6901286296000001"], [1564086762.843, "0.5435420632000001"], [1564086763.843, "0.5435420632000001"], [1564086764.843, "0.5435420632000001"], [1564086765.843, "0.5435420632000001"], [1564086766.843, "0.5435420632000001"], [1564086767.843, "0.29117662858851684"], [1564086768.843, "0.29117662858851684"], [1564086769.843, "0.29117662858851684"], [1564086770.843, "0.29117662858851684"], [1564086771.843, "0.29117662858851684"], [1564086772.843, "0.421980981942215"], [1564086773.843, "0.421980981942215"], [1564086774.843, "0.421980981942215"], [1564086775.843, "0.421980981942215"]], "mem_values": []}, {"qps": 900, "avg_cpu": 0.46392284685573776, "req_lost": 60.04531907804363, "avg_mem": "N/A", "cpu_values": [[1564086836.006, "0"], [1564086837.006, "0"], [1564086838.006, "0.020636467400000046"], [1564086839.006, "0.020636467400000046"], [1564086840.006, "0.020636467400000046"], [1564086841.006, "0.020636467400000046"], [1564086842.006, "0.020636467400000046"], [1564086843.006, "0.17437695280000015"], [1564086844.006, "0.17437695280000015"], [1564086845.006, "0.17437695280000015"], [1564086846.006, "0.17437695280000015"], [1564086847.006, "0.17437695280000015"], [1564086848.006, "0.3336782038"], [1564086849.006, "0.3336782038"], [1564086850.006, "0.3336782038"], [1564086851.006, "0.3336782038"], [1564086852.006, "0.3336782038"], [1564086853.006, "0.3545276724000001"], [1564086854.006, "0.3545276724000001"], [1564086855.006, "0.3545276724000001"], [1564086856.006, "0.3545276724000001"], [1564086857.006, "0.3545276724000001"], [1564086858.006, "0.8280081353999998"], [1564086859.006, "0.8280081353999998"], [1564086860.006, "0.8280081353999998"], [1564086861.006, "0.8280081353999998"], [1564086862.006, "0.8280081353999998"], [1564086863.006, "0.4339932341999998"], [1564086864.006, "0.4339932341999998"], [1564086865.006, "0.4339932341999998"], [1564086866.006, "0.4339932341999998"], [1564086867.006, "0.4339932341999998"], [1564086868.006, "0.6102755698000001"], [1564086869.006, "0.6102755698000001"], [1564086870.006, "0.6102755698000001"], [1564086871.006, "0.6102755698000001"], [1564086872.006, "0.6102755698000001"], [1564086873.006, "0.4977349384000001"], [1564086874.006, "0.4977349384000001"], [1564086875.006, "0.4977349384000001"], [1564086876.006, "0.4977349384000001"], [1564086877.006, "0.4977349384000001"], [1564086878.006, "0.7691007640000002"], [1564086879.006, "0.7691007640000002"], [1564086880.006, "0.7691007640000002"], [1564086881.006, "0.7691007640000002"], [1564086882.006, "0.7691007640000002"], [1564086883.006, "0.6510900836"], [1564086884.006, "0.6510900836"], [1564086885.006, "0.6510900836"], [1564086886.006, "0.6510900836"], [1564086887.006, "0.6510900836"], [1564086888.006, "0.609524862"], [1564086889.006, "0.609524862"], [1564086890.006, "0.609524862"], [1564086891.006, "0.609524862"], [1564086892.006, "0.609524862"], [1564086893.006, "0.47113980980000003"], [1564086894.006, "0.47113980980000003"], [1564086895.006, "0.47113980980000003"], [1564086896.006, "0.47113980980000003"]], "mem_values": []}, {"qps": 1000, "avg_cpu": 0.46499865304137583, "req_lost": 59.81881157450991, "avg_mem": "N/A", "cpu_values": [[1564086956.34, "0"], [1564086957.34, "0"], [1564086958.34, "0.0009463172247844598"], [1564086959.34, "0.0009463172247844598"], [1564086960.34, "0.0009463172247844598"], [1564086961.34, "0.0009463172247844598"], [1564086962.34, "0.0009463172247844598"], [1564086963.34, "0.16773101339999988"], [1564086964.34, "0.16773101339999988"], [1564086965.34, "0.16773101339999988"], [1564086966.34, "0.16773101339999988"], [1564086967.34, "0.16773101339999988"], [1564086968.34, "0.3290315538"], [1564086969.34, "0.3290315538"], [1564086970.34, "0.3290315538"], [1564086971.34, "0.3290315538"], [1564086972.34, "0.3290315538"], [1564086973.34, "0.5599030856000003"], [1564086974.34, "0.5599030856000003"], [1564086975.34, "0.5599030856000003"], [1564086976.34, "0.5599030856000003"], [1564086977.34, "0.5599030856000003"], [1564086978.34, "0.3381115231999999"], [1564086979.34, "0.3381115231999999"], [1564086980.34, "0.3381115231999999"], [1564086981.34, "0.3381115231999999"], [1564086982.34, "0.3381115231999999"], [1564086983.34, "0.6022100935999997"], [1564086984.34, "0.6022100935999997"], [1564086985.34, "0.6022100935999997"], [1564086986.34, "0.6022100935999997"], [1564086987.34, "0.6022100935999997"], [1564086988.34, "0.4900668416"], [1564086989.34, "0.4900668416"], [1564086990.34, "0.4900668416"], [1564086991.34, "0.4900668416"], [1564086992.34, "0.4900668416"], [1564086993.34, "0.7595718835999999"], [1564086994.34, "0.7595718835999999"], [1564086995.34, "0.7595718835999999"], [1564086996.34, "0.7595718835999999"], [1564086997.34, "0.7595718835999999"], [1564086998.34, "0.7192113635999997"], [1564086999.34, "0.7192113635999997"], [1564087000.34, "0.7192113635999997"], [1564087001.34, "0.7192113635999997"], [1564087002.34, "0.7192113635999997"], [1564087003.34, "0.30862225060000026"], [1564087004.34, "0.30862225060000026"], [1564087005.34, "0.30862225060000026"], [1564087006.34, "0.30862225060000026"], [1564087007.34, "0.30862225060000026"], [1564087008.34, "0.8726900188"], [1564087009.34, "0.8726900188"], [1564087010.34, "0.8726900188"], [1564087011.34, "0.8726900188"], [1564087012.34, "0.8726900188"], [1564087013.34, "0.6561095276"], [1564087014.34, "0.6561095276"], [1564087015.34, "0.6561095276"], [1564087016.34, "0.6561095276"]], "mem_values": []}]}