{"pod": 2, "cpu": "100m", "values": [{"qps": 100, "avg_cpu": 0.10366584188375749, "req_lost": 29.955097142851407, "avg_mem": "N/A", "cpu_values": [[1564095128.598, "0"], [1564095129.598, "0"], [1564095130.598, "0"], [1564095131.598, "0"], [1564095132.598, "0"], [1564095158.598, "0"], [1564095159.598, "0"], [1564095160.598, "0"], [1564095161.598, "0"], [1564095162.598, "0"], [1564095163.598, "0.03548641819999997"], [1564095164.598, "0.03548641819999996"], [1564095165.598, "0.03548641819999996"], [1564095166.598, "0.03548641819999996"], [1564095167.598, "0.03548641819999996"], [1564095168.598, "0"], [1564095169.598, "0"], [1564095170.598, "0"], [1564095171.598, "0"], [1564095172.598, "0"], [1564095173.598, "0"], [1564095174.598, "0"], [1564095175.598, "0"], [1564095176.598, "0"], [1564095177.598, "0"], [1564095178.598, "0.61148960608024"], [1564095179.598, "0.6320963108"], [1564095180.598, "0.6320963108"], [1564095181.598, "0.6320963108"], [1564095182.598, "0.6320963108"], [1564095183.598, "0"], [1564095184.598, "0"]], "mem_values": []}, {"qps": 200, "avg_cpu": 0.15459507967540986, "req_lost": 2.9925939685128244, "avg_mem": "N/A", "cpu_values": [[1564095244.809, "0.00005808480000002447"], [1564095245.809, "0.00005808480000002447"], [1564095246.809, "0.00005808480000002447"], [1564095247.809, "0.00005808480000002447"], [1564095248.809, "0"], [1564095249.809, "0"], [1564095250.809, "0"], [1564095251.809, "0"], [1564095252.809, "0"], [1564095253.809, "0.22389281740000017"], [1564095254.809, "0.22389281740000017"], [1564095255.809, "0.22389281740000017"], [1564095256.809, "0.22389281740000017"], [1564095257.809, "0.22389281740000017"], [1564095258.809, "0"], [1564095259.809, "0"], [1564095260.809, "0"], [1564095261.809, "0"], [1564095262.809, "0"], [1564095263.809, "0"], [1564095264.809, "0"], [1564095265.809, "0"], [1564095266.809, "0"], [1564095267.809, "0"], [1564095268.809, "0"], [1564095269.809, "0"], [1564095270.809, "0"], [1564095271.809, "0"], [1564095272.809, "0"], [1564095273.809, "0.7089921693999999"], [1564095274.809, "0.7089921693999999"], [1564095275.809, "0.7089921693999999"], [1564095276.809, "0.7089921693999999"], [1564095277.809, "0.7089921693999999"], [1564095278.809, "0"], [1564095279.809, "0"], [1564095280.809, "0"], [1564095281.809, "0"], [1564095282.809, "0"], [1564095283.809, "0"], [1564095284.809, "0"], [1564095285.809, "0"], [1564095286.809, "0"], [1564095287.809, "0"], [1564095288.809, "0.57417283"], [1564095289.809, "0.57417283"], [1564095290.809, "0.57417283"], [1564095291.809, "0.57417283"], [1564095292.809, "0.57417283"], [1564095293.809, "0"], [1564095294.809, "0"], [1564095295.809, "0"], [1564095296.809, "0"], [1564095297.809, "0"], [1564095298.809, "0.2535127745999999"], [1564095299.809, "0.2535127745999999"], [1564095300.809, "0.2535127745999999"], [1564095301.809, "0.2535127745999999"], [1564095302.809, "0.2535127745999999"], [1564095303.809, "0.3136072820000001"], [1564095304.809, "0.3136072820000001"]], "mem_values": []}, {"qps": 300, "avg_cpu": 0.13375104663167128, "req_lost": 26.079405291310987, "avg_mem": "N/A", "cpu_values": [[1564095365.121, "0"], [1564095366.121, "0"], [1564095367.121, "0"], [1564095368.121, "0.038734308506389745"], [1564095369.121, "0.038734308506389745"], [1564095370.121, "0.038734308506389745"], [1564095371.121, "0.038734308506389745"], [1564095372.121, "0.038734308506389745"], [1564095373.121, "0"], [1564095374.121, "0"], [1564095375.121, "0"], [1564095376.121, "0"], [1564095377.121, "0"], [1564095378.121, "0.23395115880000006"], [1564095379.121, "0.23395115880000006"], [1564095380.121, "0.23395115880000006"], [1564095381.121, "0.23395115880000006"], [1564095382.121, "0.23395115880000006"], [1564095383.121, "0.24773614819999992"], [1564095384.121, "0.24773614819999992"], [1564095385.121, "0.24773614819999992"], [1564095386.121, "0.24773614819999992"], [1564095387.121, "0.24773614819999992"], [1564095388.121, "0"], [1564095389.121, "0"], [1564095390.121, "0"], [1564095391.121, "0"], [1564095392.121, "0"], [1564095393.121, "0"], [1564095394.121, "0"], [1564095395.121, "0"], [1564095396.121, "0"], [1564095397.121, "0"], [1564095398.121, "0.641439979"], [1564095399.121, "0.641439979"], [1564095400.121, "0.641439979"], [1564095401.121, "0.641439979"], [1564095402.121, "0.641439979"], [1564095403.121, "0"], [1564095404.121, "0"], [1564095405.121, "0"], [1564095406.121, "0"], [1564095407.121, "0"], [1564095408.121, "0"], [1564095409.121, "0"], [1564095410.121, "0"], [1564095411.121, "0"], [1564095412.121, "0"], [1564095413.121, "0.4699011743999997"], [1564095414.121, "0.4699011743999997"], [1564095415.121, "0.4699011743999997"], [1564095416.121, "0.4699011743999997"], [1564095417.121, "0.4699011743999997"], [1564095418.121, "0"], [1564095419.121, "0"], [1564095420.121, "0"], [1564095421.121, "0"], [1564095422.121, "0"], [1564095423.121, "0"], [1564095424.121, "0"], [1564095425.121, "0"]], "mem_values": []}, {"qps": 400, "avg_cpu": 0.1545168688048637, "req_lost": 39.29743358816034, "avg_mem": "N/A", "cpu_values": [[1564095485.425, "0"], [1564095486.425, "0"], [1564095487.425, "0"], [1564095488.425, "0"], [1564095489.425, "0"], [1564095490.425, "0"], [1564095491.425, "0"], [1564095492.425, "0"], [1564095493.425, "0.09062504320000002"], [1564095494.425, "0.09062504320000002"], [1564095495.425, "0.09062504320000002"], [1564095496.425, "0.09062504320000002"], [1564095497.425, "0.09062504320000002"], [1564095498.425, "0.2118367297999999"], [1564095499.425, "0.2118367297999999"], [1564095500.425, "0.2118367297999999"], [1564095501.425, "0.2118367297999999"], [1564095502.425, "0.2118367297999999"], [1564095503.425, "0.19912494840000008"], [1564095504.425, "0.19912494840000008"], [1564095505.425, "0.19912494840000008"], [1564095506.425, "0.19912494840000008"], [1564095507.425, "0.19912494840000008"], [1564095508.425, "0.21247764660000001"], [1564095509.425, "0.21247764660000001"], [1564095510.425, "0.21247764660000001"], [1564095511.425, "0.21247764660000001"], [1564095512.425, "0.21247764660000001"], [1564095513.425, "0"], [1564095514.425, "0"], [1564095515.425, "0"], [1564095516.425, "0"], [1564095517.425, "0"], [1564095518.425, "0"], [1564095519.425, "0"], [1564095520.425, "0"], [1564095521.425, "0"], [1564095522.425, "0"], [1564095523.425, "0.3521929651999997"], [1564095524.425, "0.3521929651999997"], [1564095525.425, "0.3521929651999997"], [1564095526.425, "0.3521929651999997"], [1564095527.425, "0.3521929651999997"], [1564095528.425, "0.36754824680000053"], [1564095529.425, "0.36754824680000053"], [1564095530.425, "0.36754824680000053"], [1564095531.425, "0.36754824680000053"], [1564095532.425, "0.36754824680000053"], [1564095533.425, "0"], [1564095534.425, "0"], [1564095535.425, "0"], [1564095536.425, "0"], [1564095537.425, "0"], [1564095538.425, "0.30902325805161024"], [1564095539.425, "0.30902325805161024"], [1564095540.425, "0.30902325805161024"], [1564095541.425, "0.30902325805161024"], [1564095542.425, "0.30902325805161024"], [1564095543.425, "0.2371282689462105"], [1564095544.425, "0.2371282689462105"], [1564095545.425, "0.2371282689462105"]], "mem_values": []}, {"qps": 500, "avg_cpu": 0.16123411328327306, "req_lost": 48.38052576692513, "avg_mem": "N/A",