{"pod": 1, "cpu": "100m", "values": [{"qps": 100, "avg_cpu": 0.0758363532342661, "req_lost": 2.29732881369914, "avg_mem": "N/A", "cpu_values": [[1564094628.025, "0"], [1564094629.025, "0"], [1564094630.025, "0"], [1564094631.025, "0"], [1564094632.025, "0"], [1564094633.025, "0"], [1564094634.025, "0"], [1564094635.025, "0"], [1564094636.025, "0"], [1564094637.025, "0"], [1564094638.025, "0.1199738245489"], [1564094639.025, "0.1422057911289"], [1564094640.025, "0.16443775770889998"], [1564094641.025, "0.1866697242889"], [1564094642.025, "0.20890169086890004"], [1564094643.025, "0"], [1564094644.025, "0"], [1564094645.025, "0"], [1564094646.025, "0"], [1564094647.025, "0"], [1564094648.025, "0"], [1564094649.025, "0"], [1564094650.025, "0"], [1564094651.025, "0"], [1564094652.025, "0"], [1564094653.025, "0"], [1564094654.025, "0"], [1564094655.025, "0"], [1564094656.025, "0"], [1564094657.025, "0"], [1564094658.025, "0.31502759937860003"], [1564094659.025, "0.35337751829860004"], [1564094660.025, "0.38349918920000003"], [1564094661.025, "0.38349918920000003"], [1564094662.025, "0.38349918920000003"], [1564094663.025, "0"], [1564094664.025, "0"], [1564094665.025, "0"], [1564094666.025, "0"], [1564094667.025, "0"], [1564094668.025, "0"], [1564094669.025, "0"], [1564094670.025, "0"], [1564094671.025, "0"], [1564094672.025, "0"], [1564094673.025, "0"], [1564094674.025, "0"], [1564094675.025, "0"], [1564094676.025, "0"], [1564094677.025, "0"], [1564094678.025, "0.36665067339999996"], [1564094679.025, "0.36665067339999996"], [1564094680.025, "0.36665067339999996"], [1564094681.025, "0.36665067339999996"], [1564094682.025, "0.36665067339999996"], [1564094683.025, "0"], [1564094684.025, "0"], [1564094685.025, "0"], [1564094686.025, "0"]], "mem_values": []}, {"qps": 200, "avg_cpu": 0.07631609418032786, "req_lost": 35.07745598722889, "avg_mem": "N/A", "cpu_values": [[1564094746.297, "0"], [1564094747.297, "0"], [1564094748.297, "0.000015310200000051565"], [1564094749.297, "0.000015310200000051565"], [1564094750.297, "0.000015310200000051565"], [1564094751.297, "0.000015310200000051565"], [1564094752.297, "0.000015310200000051565"], [1564094753.297, "0"], [1564094754.297, "0"], [1564094755.297, "0"], [1564094756.297, "0"], [1564094757.297, "0"], [1564094758.297, "0"], [1564094759.297, "0"], [1564094760.297, "0"], [1564094761.297, "0"], [1564094762.297, "0"], [1564094763.297, "0.281091949"], [1564094764.297, "0.281091949"], [1564094765.297, "0.281091949"], [1564094766.297, "0.281091949"], [1564094767.297, "0.281091949"], [1564094768.297, "0"], [1564094769.297, "0"], [1564094770.297, "0"], [1564094771.297, "0"], [1564094772.297, "0"], [1564094773.297, "0"], [1564094774.297, "0"], [1564094775.297, "0"], [1564094776.297, "0"], [1564094777.297, "0"], [1564094778.297, "0.2849472418"], [1564094779.297, "0.2849472418"], [1564094780.297, "0.2849472418"], [1564094781.297, "0.2849472418"], [1564094782.297, "0.2849472418"], [1564094783.297, "0"], [1564094784.297, "0"], [1564094785.297, "0"], [1564094786.297, "0"], [1564094787.297, "0"], [1564094788.297, "0"], [1564094789.297, "0"], [1564094790.297, "0"], [1564094791.297, "0"], [1564094792.297, "0"], [1564094793.297, "0"], [1564094794.297, "0"], [1564094795.297, "0"], [1564094796.297, "0"], [1564094797.297, "0"], [1564094798.297, "0.365001848"], [1564094799.297, "0.365001848"], [1564094800.297, "0.365001848"], [1564094801.297, "0.365001848"], [1564094802.297, "0.365001848"], [1564094803.297, "0"], [1564094804.297, "0"], [1564094805.297, "0"], [1564094806.297, "0"]], "mem_values": []}, {"qps": 300, "avg_cpu": 0.03761056780555558, "req_lost": 75.35571019744523, "avg_mem": "N/A", "cpu_values": [[1564094866.515, "0"], [1564094867.515, "0"], [1564094868.515, "0"], [1564094869.515, "0"], [1564094870.515, "0"], [1564094871.515, "0"], [1564094872.515, "0"], [1564094873.515, "0.0682590440000002"], [1564094874.515, "0.0682590440000002"], [1564094875.515, "0.0682590440000002"], [1564094876.515, "0.0682590440000002"], [1564094877.515, "0.0682590440000002"], [1564094878.515, "0"], [1564094879.515, "0"], [1564094880.515, "0"], [1564094881.515, "0"], [1564094882.515, "0"], [1564094908.515, "0"], [1564094909.515, "0"], [1564094910.515, "0"], [1564094911.515, "0"], [1564094912.515, "0"], [1564094913.515, "0"], [1564094914.515, "0"], [1564094915.515, "0"], [1564094916.515, "0"], [1564094917.515, "0"], [1564094918.515, "0.2025370442"], [1564094919.515, "0.2025370442"], [1564094920.515, "0.2025370442"], [1564094921.515, "0.2025370442"], [1564094922.515, "0.2025370442"], [1564094923.515, "0"], [1564094924.515, "0"], [1564094925.515, "0"], [1564094926.515, "0"]], "mem_values": []}, {"qps": 400, "avg_cpu": 0.06475082313265587, "req_lost": 66.19568519709664, "avg_mem": "N/A", "cpu_values": [[1564094986.719, "0"], [1564094987.719, "0"], [1564094988.719, "0"], [1564094989.719, "0"], [1564094990.719, "0"], [1564094991.719, "0"], [1564094992.719, "0"], [1564094993.719, "0.08785254139999985"], [1564094994.719, "0.08785254139999985"], [1564094995.719, "0.08785254139999985"], [1564094996.719, "0.08785254139999985"], [1564094997.719, "0.08785254139999985"], [1564094998.719, "0"], [1564094999.719, "0"], [1564095000.719, "0"], [1564095001.719, "0"], [1564095002.719, "0"], [1564095003.719, "0"], [1564095004.719, "0"], [1564095005.719, "0"], [1564095006.719, "0"], [1564095007.719, "0"], [1564095008.719, "0"], [1564095009.719, "0"], [1564095010.719, "0"], [1564095011.719, "0"], [1564095012.719, "0"], [1564095013.719, "0.3443910945621756"], [1564095014.719, "0.3443910945621756"], [1564095015.719, "0.3443910945621756"], [1564095016.719, "0.3443910945621756"], [1564095017.719, "0.3443910945621756"], [1564095018.719, "0"], [1564095019.719, "0"], [1564095020.719, "0"], [1564095021.719, "0"], [1564095022.719, "0"], [1564095023.719, "0"], [1564095024.719, "0"], [1564095025.719, "0"], [1564095026.719, "0"], [1564095027.719, "0"], [1564095028.719, "0.35771640625622625"], [1564095029.719, "0.35771640625622625"], [1564095030.719, "0.35771640625622625"], [1564095031.719, "0.35771640625622625"], [1564095032.719, "0.35771640625622625"], [1564095033.719, "0"], [1564095034.719, "0"], [1564095035.719, "0"], [1564095036.719, "0"], [1564095037.719, "0"], [1564095038.719, "0"], [1564095039.719, "0"], [1564095040.719, "0"], [1564095041.719, "0"], [1564095042.719, "0"], [1564095043.719, "0"], [1564095044.719, "0"], [1564095045.719, "0"], [1564095046.719, "0"]], "mem_values": []}]}