{"pod": 10, "cpu": "100m", "values": [{"qps": 100, "avg_cpu": 0.3670209403546816, "req_lost": 0.010028374216242142, "avg_mem": "N/A", "cpu_values": [[1564096623.706, "0"], [1564096624.706, "0"], [1564096625.706, "0"], [1564096626.706, "0"], [1564096627.706, "0"], [1564096628.706, "0.54444619407676"], [1564096629.706, "0.6322310167367601"], [1564096630.706, "0.72001583939676"], [1564096631.706, "0.8078006620567599"], [1564096632.706, "0.8778482265999998"], [1564096663.706, "0.11311535079999997"], [1564096664.706, "0.11311535079999997"], [1564096665.706, "0.11311535079999997"], [1564096666.706, "0.11311535079999997"], [1564096667.706, "0.11311535079999997"], [1564096668.706, "0.4991245275999999"], [1564096669.706, "0.4991245275999999"], [1564096670.706, "0.4991245275999999"], [1564096671.706, "0.4991245275999999"], [1564096672.706, "0.4991245275999999"], [1564096673.706, "0.5063964356"], [1564096674.706, "0.5063964356"], [1564096675.706, "0.5063964356"], [1564096676.706, "0.5063964356"], [1564096677.706, "0.5063964356"]], "mem_values": []}, {"qps": 200, "avg_cpu": 0.29816705820000317, "req_lost": 0.00904426360562871, "avg_mem": "N/A", "cpu_values": [[1564096737.819, "0"], [1564096738.819, "0.000031288600000056735"], [1564096739.819, "0.000031288600000056735"], [1564096740.819, "0.000031288600000056735"], [1564096741.819, "0.000031288600000056735"], [1564096742.819, "0.000031288600000056735"], [1564096743.819, "0.09134078359999996"], [1564096744.819, "0.09134078359999992"], [1564096745.819, "0.09134078359999992"], [1564096746.819, "0.09134078359999992"], [1564096747.819, "0.09134078359999992"], [1564096748.819, "0.13448810119999993"], [1564096749.819, "0.13448810119999993"], [1564096750.819, "0.13448810119999993"], [1564096751.819, "0.13448810119999993"], [1564096752.819, "0.13448810119999993"], [1564096753.819, "0.3763839754049189"], [1564096754.819, "0.3763839754049189"], [1564096755.819, "0.3763839754049189"], [1564096756.819, "0.3763839754049189"], [1564096757.819, "0.3763839754049189"], [1564096758.819, "0.6599175217043408"], [1564096759.819, "0.6599175217043408"], [1564096760.819, "0.6599175217043408"], [1564096761.819, "0.6599175217043408"], [1564096762.819, "0.6599175217043408"], [1564096763.819, "0"], [1564096764.819, "0"], [1564096765.819, "0"], [1564096766.819, "0"], [1564096767.819, "0"], [1564096768.819, "0.5905530187475069"], [1564096769.819, "0.5905530187475069"], [1564096770.819, "0.5905530187475069"], [1564096771.819, "0.5905530187475069"], [1564096772.819, "0.5905530187475069"], [1564096773.819, "0.4033660515443242"], [1564096774.819, "0.4033660515443242"], [1564096775.819, "0.4033660515443242"], [1564096776.819, "0.4033660515443242"], [1564096777.819, "0.4033660515443242"], [1564096778.819, "0.37009737320000013"], [1564096779.819, "0.3700973732"], [1564096780.819, "0.3700973732"], [1564096781.819, "0.3700973732"], [1564096782.819, "0.3700973732"], [1564096783.819, "0.28447035868263476"], [1564096784.819, "0.28447035868263476"], [1564096785.819, "0.28447035868263476"], [1564096786.819, "0.28447035868263476"], [1564096787.819, "0.28447035868263476"], [1564096788.819, "0.5928847781563127"], [1564096789.819, "0.5928847781563127"], [1564096790.819, "0.5928847781563125"], [1564096791.819, "0.5928847781563125"], [1564096792.819, "0.5928847781563125"], [1564096793.819, "0.1341048592"], [1564096794.819, "0.13410485919999998"], [1564096795.819, "0.13410485919999998"], [1564096796.819, "0.13410485919999998"], [1564096797.819, "0.13410485919999998"]], "mem_values": []}, {"qps": 300, "avg_cpu": 0.3562136312838725, "req_lost": 0.009355099739216666, "avg_mem": "N/A", "cpu_values": [[1564096858.519, "0"], [1564096859.519, "0"], [1564096860.519, "0"], [1564096861.519, "0"], [1564096862.519, "0"], [1564096863.519, "0.037956563352044906"], [1564096864.519, "0.037956563352044906"], [1564096865.519, "0.037956563352044906"], [1564096866.519, "0.037956563352044906"], [1564096867.519, "0.037956563352044906"], [1564096868.519, "0.16459716820000025"], [1564096869.519, "0.16459716820000025"], [1564096870.519, "0.16459716820000025"], [1564096871.519, "0.16459716820000025"], [1564096872.519, "0.16459716820000025"], [1564096873.519, "0.3156605640000001"], [1564096874.519, "0.3156605640000001"], [1564096875.519, "0.3156605640000001"], [1564096876.519, "0.3156605640000001"], [1564096877.519, "0.3156605640000001"], [1564096878.519, "0.4505809405999999"], [1564096879.519, "0.4505809405999999"], [1564096880.519, "0.4505809405999999"], [1564096881.519, "0.4505809405999999"], [1564096882.519, "0.4505809405999999"], [1564096883.519, "0.6337515356"], [1564096884.519, "0.6337515356"], [1564096885.519, "0.6337515356"], [1564096886.519, "0.6337515356"], [1564096887.519, "0.6337515356"], [1564096888.519, "0.5694854270895673"], [1564096889.519, "0.5694854270895673"], [1564096890.519, "0.5694854270895673"], [1564096891.519, "0.5694854270895673"], [1564096892.519, "0.5694854270895673"], [1564096893.519, "0.2591091467816324"], [1564096894.519, "0.2591091467816324"], [1564096895.519, "0.2591091467816324"], [1564096896.519, "0.2591091467816324"], [1564096897.519, "0.2591091467816324"], [1564096898.519, "0.6309682903999998"], [1564096899.519, "0.6309682903999998"], [1564096900.519, "0.6309682903999998"], [1564096901.519, "0.6309682903999998"], [1564096902.519, "0.6309682903999998"], [1564096903.519, "0.37418196999999986"], [1564096904.519, "0.37418196999999986"], [1564096905.519, "0.37418196999999986"], [1564096906.519, "0.37418196999999986"], [1564096907.519, "0.37418196999999986"], [1564096908.519, "0.30470918459999985"], [1564096909.519, "0.30470918459999985"], [1564096910.519, "0.30470918459999985"], [1564096911.519, "0.30470918459999985"], [1564096912.519, "0.30470918459999985"], [1564096913.519, "0.5129125460000002"], [1564096914.519, "0.5129125460000002"], [1564096915.519, "0.5129125460000002"], [1564096916.519, "0.5129125460000002"], [1564096917.519, "0.5129125460000002"], [1564096918.519, "0.45946482519999987"]], "mem_values": []}, {"qps": 400, "avg_cpu": "N/A", "req_lost": "N/A", "avg_mem": "N/A", "cpu_values": [], "mem_values": []}, {"qps": 500, "avg_cpu": 0.4713205064622951, "req_lost": 0.00792176573990444, "avg_mem": "N/A",