{"pod": 2, "cpu": "100m", "values": [{"qps": 100, "avg_cpu": 0.11654327346725517, "req_lost": 0.011723373797256631, "avg_mem": "N/A", "cpu_values": [[1564095168.164, "0"], [1564095169.164, "0"], [1564095170.164, "0"], [1564095171.164, "0"], [1564095172.164, "0"], [1564095173.164, "0.11540189063168002"], [1564095174.164, "0.13598257735168"], [1564095175.164, "0.15656326407168003"], [1564095176.164, "0.17714395079168002"], [1564095177.164, "0.19772463751168004"], [1564095178.164, "0"], [1564095179.164, "0"], [1564095180.164, "0"], [1564095181.164, "0"], [1564095182.164, "0"], [1564095183.164, "0.18066912669808002"], [1564095184.164, "0.21370106651808002"], [1564095185.164, "0.24673300633808"], [1564095186.164, "0.27976494615808"], [1564095187.164, "0.3127968859780801"], [1564095188.164, "0.2020943982"], [1564095189.164, "0.20209439820000002"], [1564095190.164, "0.20209439820000002"], [1564095191.164, "0.20209439820000002"], [1564095192.164, "0.20209439820000002"], [1564095193.164, "0.17556703459999995"], [1564095194.164, "0.1755670346"], [1564095195.164, "0.1755670346"], [1564095196.164, "0.1755670346"], [1564095197.164, "0.1755670346"], [1564095198.164, "0"], [1564095199.164, "0"], [1564095200.164, "0"], [1564095201.164, "0"], [1564095202.164, "0"], [1564095203.164, "0.18126688919999992"], [1564095204.164, "0.18126688919999995"], [1564095205.164, "0.18126688919999995"], [1564095206.164, "0.18126688919999995"], [1564095207.164, "0.18126688919999995"], [1564095208.164, "0"], [1564095209.164, "0"], [1564095210.164, "0"], [1564095211.164, "0"], [1564095212.164, "0"], [1564095213.164, "0.22935007018596276"], [1564095214.164, "0.22935007018596276"], [1564095215.164, "0.22935007018596276"], [1564095216.164, "0.22935007018596276"], [1564095217.164, "0.22935007018596276"], [1564095218.164, "0.1370186549309862"], [1564095219.164, "0.1370186549309862"], [1564095220.164, "0.1370186549309862"], [1564095221.164, "0.1370186549309862"], [1564095222.164, "0.1370186549309862"], [1564095223.164, "0"], [1564095224.164, "0"]], "mem_values": []}, {"qps": 200, "avg_cpu": 0.1490309521311475, "req_lost": 10.487155247134838, "avg_mem": "N/A", "cpu_values": [[1564095284.257, "0"], [1564095285.257, "0"], [1564095286.257, "0"], [1564095287.257, "0"], [1564095288.257, "0.06117484940000003"], [1564095289.257, "0.06117484940000004"], [1564095290.257, "0.06117484940000004"], [1564095291.257, "0.06117484940000004"], [1564095292.257, "0.06117484940000004"], [1564095293.257, "0.10241569959999983"], [1564095294.257, "0.10241569959999985"], [1564095295.257, "0.10241569959999985"], [1564095296.257, "0.10241569959999985"], [1564095297.257, "0.10241569959999985"], [1564095298.257, "0.1956904101999999"], [1564095299.257, "0.19569041019999994"], [1564095300.257, "0.19569041019999994"], [1564095301.257, "0.19569041019999994"], [1564095302.257, "0.19569041019999994"], [1564095303.257, "0"], [1564095304.257, "0"], [1564095305.257, "0"], [1564095306.257, "0"], [1564095307.257, "0"], [1564095308.257, "0.17710526840000002"], [1564095309.257, "0.17710526840000007"], [1564095310.257, "0.17710526840000007"], [1564095311.257, "0.17710526840000007"], [1564095312.257, "0.17710526840000007"], [1564095313.257, "0"], [1564095314.257, "0"], [1564095315.257, "0"], [1564095316.257, "0"], [1564095317.257, "0"], [1564095318.257, "0.3482208345999999"], [1564095319.257, "0.34822083460000003"], [1564095320.257, "0.34822083460000003"], [1564095321.257, "0.34822083460000003"], [1564095322.257, "0.34822083460000003"], [1564095323.257, "0.2964688001999999"], [1564095324.257, "0.2964688001999999"], [1564095325.257, "0.2964688001999999"], [1564095326.257, "0.2964688001999999"], [1564095327.257, "0.2964688001999999"], [1564095328.257, "0"], [1564095329.257, "0"], [1564095330.257, "0"], [1564095331.257, "0"], [1564095332.257, "0"], [1564095333.257, "0"], [1564095334.257, "0"], [1564095335.257, "0"], [1564095336.257, "0"], [1564095337.257, "0"], [1564095338.257, "0.6371017535999999"], [1564095339.257, "0.6371017536"], [1564095340.257, "0.6371017536"], [1564095341.257, "0.6371017536"], [1564095342.257, "0.6371017536"], [1564095343.257, "0"], [1564095344.257, "0"]], "mem_values": []}, {"qps": 300, "avg_cpu": 0.1423109227672131, "req_lost": 16.685218620695085, "avg_mem": "N/A", "cpu_values": [[1564095404.478, "0"], [1564095405.478, "0"], [1564095406.478, "0"], [1564095407.478, "0"], [1564095408.478, "0.02613240039999986"], [1564095409.478, "0.026132400399999867"], [1564095410.478, "0.026132400399999867"], [1564095411.478, "0.026132400399999867"], [1564095412.478, "0.026132400399999867"], [1564095413.478, "0.09353463939999995"], [1564095414.478, "0.09353463939999998"], [1564095415.478, "0.09353463939999998"], [1564095416.478, "0.09353463939999998"], [1564095417.478, "0.09353463939999998"], [1564095418.478, "0"], [1564095419.478, "0"], [1564095420.478, "0"], [1564095421.478, "0"], [1564095422.478, "0"], [1564095423.478, "0.27660050299999983"], [1564095424.478, "0.2766005029999999"], [1564095425.478, "0.2766005029999999"], [1564095426.478, "0.2766005029999999"], [1564095427.478, "0.2766005029999999"], [1564095428.478, "0.29854352920000016"], [1564095429.478, "0.29854352920000016"], [1564095430.478, "0.29854352920000016"], [1564095431.478, "0.29854352920000016"], [1564095432.478, "0.29854352920000016"], [1564095433.478, "0"], [1564095434.478, "0"], [1564095435.478, "0"], [1564095436.478, "0"], [1564095437.478, "0"], [1564095438.478, "0.2770072672000001"], [1564095439.478, "0.27700726720000013"], [1564095440.478, "0.27700726720000013"], [1564095441.478, "0.27700726720000013"], [1564095442.478, "0.27700726720000013"], [1564095443.478, "0.2775740797999997"], [1564095444.478, "0.27757407979999976"], [1564095445.478, "0.27757407979999976"], [1564095446.478, "0.27757407979999976"], [1564095447.478, "0.27757407979999976"], [1564095448.478, "0.2199998350000001"], [1564095449.478, "0.21999983500000014"], [1564095450.478, "0.21999983500000014"], [1564095451.478, "0.21999983500000014"], [1564095452.478, "0.21999983500000014"], [1564095453.478, "0"], [1564095454.478, "0"], [1564095455.478, "0"], [1564095456.478, "0"], [1564095457.478, "0"], [1564095458.478, "0"], [1564095459.478, "0"], [1564095460.478, "0"], [1564095461.478, "0"], [1564095462.478, "0"], [1564095463.478, "0.6670025093999998"], [1564095464.478, "0.6670025094"]], "mem_values": []}, {"qps": 400, "avg_cpu": 0.13990577236089505, "req_lost": 41.59633091048555, "avg_mem": "N/A",