{"pod": 5, "cpu": "100m", "values": [{"qps": 100, "avg_cpu": 0.2113080476397159, "req_lost": 0.01238981306843634, "avg_mem": "N/A", "cpu_values": [[1564095668.602, "0"], [1564095669.602, "0"], [1564095670.602, "0"], [1564095671.602, "0"], [1564095672.602, "0"], [1564095673.602, "0.1230778363502"], [1564095674.602, "0.1435680824502"], [1564095675.602, "0.1640583285502"], [1564095676.602, "0.1845485746502"], [1564095677.602, "0.204902461"], [1564095678.602, "0.40659505228608006"], [1564095679.602, "0.47448063372608"], [1564095680.602, "0.54236621516608"], [1564095681.602, "0.6102517966060801"], [1564095682.602, "0.67805166359212"], [1564095683.602, "0.1532423423444"], [1564095684.602, "0.17876542654440003"], [1564095685.602, "0.20428851074440005"], [1564095686.602, "0.22981159494440004"], [1564095687.602, "0.255230842"], [1564095688.602, "0.08739766800000001"], [1564095689.602, "0.08739766800000001"], [1564095690.602, "0.08739766800000001"], [1564095691.602, "0.08739766800000001"], [1564095692.602, "0.08739766800000001"], [1564095693.602, "0.35309118100000003"], [1564095694.602, "0.35309118100000003"], [1564095695.602, "0.35309118100000003"], [1564095696.602, "0.35309118100000003"], [1564095697.602, "0.35309118100000003"], [1564095698.602, "0.1054630414"], [1564095699.602, "0.1054630414"], [1564095700.602, "0.1054630414"], [1564095701.602, "0.1054630414"], [1564095702.602, "0.1054630414"], [1564095703.602, "0.10373489099999995"], [1564095704.602, "0.10373489099999995"], [1564095705.602, "0.10373489099999995"], [1564095706.602, "0.10373489099999995"], [1564095707.602, "0.10373489099999995"], [1564095708.602, "0.20051725100000004"], [1564095709.602, "0.20051725100000004"], [1564095710.602, "0.20051725100000004"], [1564095711.602, "0.20051725100000004"], [1564095712.602, "0.20051725100000004"], [1564095713.602, "0.3393027879999999"], [1564095714.602, "0.3393027879999999"], [1564095715.602, "0.3393027879999999"], [1564095716.602, "0.3393027879999999"], [1564095717.602, "0.3393027879999999"], [1564095718.602, "0"], [1564095719.602, "0"], [1564095720.602, "0"], [1564095721.602, "0"], [1564095722.602, "0"], [1564095723.602, "0.4355418790856226"], [1564095724.602, "0.43554187908562253"], [1564095725.602, "0.43554187908562253"], [1564095726.602, "0.43554187908562253"], [1564095727.602, "0.43554187908562253"]], "mem_values": []}, {"qps": 200, "avg_cpu": 0.21692172117615857, "req_lost": 0.04984606161709815, "avg_mem": "N/A", "cpu_values": [[1564095787.719, "0"], [1564095788.719, "0"], [1564095789.719, "0"], [1564095790.719, "0"], [1564095791.719, "0"], [1564095792.719, "0"], [1564095793.719, "0"], [1564095794.719, "0"], [1564095795.719, "0"], [1564095796.719, "0"], [1564095797.719, "0"], [1564095798.719, "0.2099433134"], [1564095799.719, "0.2099433134"], [1564095800.719, "0.2099433134"], [1564095801.719, "0.2099433134"], [1564095802.719, "0.2099433134"], [1564095803.719, "0.5160111502"], [1564095804.719, "0.5160111502"], [1564095805.719, "0.5160111502"], [1564095806.719, "0.5160111502"], [1564095807.719, "0.5160111502"], [1564095808.719, "0"], [1564095809.719, "0"], [1564095810.719, "0"], [1564095811.719, "0"], [1564095812.719, "0"], [1564095813.719, "0.17331771288906628"], [1564095814.719, "0.17331771288906628"], [1564095815.719, "0.17331771288906628"], [1564095816.719, "0.17331771288906628"], [1564095817.719, "0.17331771288906628"], [1564095818.719, "0.6087284386773548"], [1564095819.719, "0.6087284386773547"], [1564095820.719, "0.6087284386773547"], [1564095821.719, "0.6087284386773547"], [1564095822.719, "0.6087284386773547"], [1564095823.719, "0.19050945678271303"], [1564095824.719, "0.19050945678271303"], [1564095825.719, "0.19050945678271303"], [1564095826.719, "0.19050945678271303"], [1564095827.719, "0.19050945678271303"], [1564095828.719, "0.17117396960000003"], [1564095829.719, "0.17117396960000003"], [1564095830.719, "0.17117396960000003"], [1564095831.719, "0.17117396960000003"], [1564095832.719, "0.17117396960000003"], [1564095833.719, "0.30944551619999994"], [1564095834.719, "0.30944551619999994"], [1564095835.719, "0.30944551619999994"], [1564095836.719, "0.30944551619999994"], [1564095837.719, "0.30944551619999994"], [1564095838.719, "0.3385403386"], [1564095839.719, "0.3385403386"], [1564095840.719, "0.3385403386"], [1564095841.719, "0.3385403386"], [1564095842.719, "0.3385403386"], [1564095843.719, "0.128775102"], [1564095844.719, "0.128775102"], [1564095845.719, "0.128775102"], [1564095846.719, "0.128775102"], [1564095847.719, "0.128775102"]], "mem_values": []}, {"qps": 300, "avg_cpu": "N/A", "req_lost": "N/A", "avg_mem": "N/A", "cpu_values": [], "mem_values": []}, {"qps": 400, "avg_cpu": 0.30808713974426233, "req_lost": 0.014408716922920117, "avg_mem": "N/A", "cpu_values": [[1564095974.387, "0"], [1564095975.387, "0"], [1564095976.387, "0"], [1564095977.387, "0"], [1564095978.387, "0.055081369000000005"], [1564095979.387, "0.055081369000000005"], [1564095980.387, "0.055081369000000005"], [1564095981.387, "0.055081369000000005"], [1564095982.387, "0.055081369000000005"], [1564095983.387, "0"], [1564095984.387, "0"], [1564095985.387, "0"], [1564095986.387, "0"], [1564095987.387, "0"], [1564095988.387, "0"], [1564095989.387, "0"], [1564095990.387, "0"], [1564095991.387, "0"], [1564095992.387, "0"], [1564095993.387, "0.8882501120000001"], [1564095994.387, "0.8882501120000001"], [1564095995.387, "0.8882501120000001"], [1564095996.387, "0.8882501120000001"], [1564095997.387, "0.8882501120000001"], [1564095998.387, "0"], [1564095999.387, "0"], [1564096000.387, "0"], [1564096001.387, "0"], [1564096002.387, "0"], [1564096003.387, "0.4529774507999999"], [1564096004.387, "0.4529774507999999"], [1564096005.387, "0.4529774507999999"], [1564096006.387, "0.4529774507999999"], [1564096007.387, "0.4529774507999999"], [1564096008.387, "0.9047226611999998"], [1564096009.387, "0.9047226611999998"], [1564096010.387, "0.9047226611999998"], [1564096011.387, "0.9047226611999998"], [1564096012.387, "0.9047226611999998"], [1564096013.387, "0.33391211020000017"], [1564096014.387, "0.33391211020000017"], [1564096015.387, "0.33391211020000017"], [1564096016.387, "0.33391211020000017"], [1564096017.387, "0.33391211020000017"], [1564096018.387, "0.18200287820000013"], [1564096019.387, "0.18200287820000013"], [1564096020.387, "0.18200287820000013"], [1564096021.387, "0.18200287820000013"], [1564096022.387, "0.18200287820000013"], [1564096023.387, "0.8752544722"], [1564096024.387, "0.8752544722"], [1564096025.387, "0.8752544722"], [1564096026.387, "0.8752544722"], [1564096027.387, "0.8752544722"], [1564096028.387, "0"], [1564096029.387, "0"], [1564096030.387, "0"], [1564096031.387, "0"], [1564096032.387, "0"], [1564096033.387, "0.16615512819999978"], [1564096034.387, "0.16615512819999978"]], "mem_values": []}, {"qps": 500, "avg_cpu": 0.36642817805573785, "req_lost": 7.428614398720724, "avg_mem": "N/A",