{"pod": 1, "cpu": "100m", "values": [{"qps": 100, "avg_cpu": 0.06853665152544561, "req_lost": 2.426045336033056, "avg_mem": "N/A", "cpu_values": [[1564094668.484, "0"], [1564094669.484, "0"], [1564094670.484, "0"], [1564094671.484, "0"], [1564094672.484, "0"], [1564094673.484, "0"], [1564094674.484, "0"], [1564094675.484, "0"], [1564094676.484, "0"], [1564094677.484, "0"], [1564094678.484, "0.13578919755007995"], [1564094679.484, "0.15907663377008"], [1564094680.484, "0.18236406999007998"], [1564094681.484, "0.20565150621007997"], [1564094682.484, "0.22893894243007998"], [1564094683.484, "0"], [1564094684.484, "0"], [1564094685.484, "0"], [1564094686.484, "0"], [1564094687.484, "0"], [1564094688.484, "0"], [1564094689.484, "0"], [1564094690.484, "0"], [1564094691.484, "0"], [1564094692.484, "0"], [1564094693.484, "0.20942245560000003"], [1564094694.484, "0.20942245560000003"], [1564094695.484, "0.20942245560000003"], [1564094696.484, "0.20942245560000003"], [1564094697.484, "0.20942245560000003"], [1564094698.484, "0"], [1564094699.484, "0"], [1564094700.484, "0"], [1564094701.484, "0"], [1564094702.484, "0"], [1564094703.484, "0"], [1564094704.484, "0"], [1564094705.484, "0"], [1564094706.484, "0"], [1564094707.484, "0"], [1564094708.484, "0"], [1564094709.484, "0"], [1564094710.484, "0"], [1564094711.484, "0"], [1564094712.484, "0"], [1564094713.484, "0.38953130179999995"], [1564094714.484, "0.38953130179999995"], [1564094715.484, "0.38953130179999995"], [1564094716.484, "0.38953130179999995"], [1564094717.484, "0.38953130179999995"], [1564094718.484, "0"], [1564094719.484, "0"], [1564094720.484, "0"], [1564094721.484, "0"], [1564094722.484, "0"], [1564094723.484, "0"], [1564094724.484, "0"]], "mem_values": []}, {"qps": 200, "avg_cpu": 0.07246879849653699, "req_lost": 34.780999333544585, "avg_mem": "N/A", "cpu_values": [[1564094784.617, "0"], [1564094785.617, "0"], [1564094786.617, "0"], [1564094787.617, "0"], [1564094788.617, "0"], [1564094789.617, "0"], [1564094790.617, "0"], [1564094791.617, "0"], [1564094792.617, "0"], [1564094793.617, "0.11635731099999998"], [1564094794.617, "0.11635731099999998"], [1564094795.617, "0.11635731099999998"], [1564094796.617, "0.11635731099999998"], [1564094797.617, "0.11635731099999998"], [1564094798.617, "0"], [1564094799.617, "0"], [1564094800.617, "0"], [1564094801.617, "0"], [1564094802.617, "0"], [1564094803.617, "0.24187129194161178"], [1564094804.617, "0.24187129194161178"], [1564094805.617, "0.24187129194161178"], [1564094806.617, "0.24187129194161178"], [1564094807.617, "0.24187129194161178"], [1564094808.617, "0"], [1564094809.617, "0"], [1564094810.617, "0"], [1564094811.617, "0"], [1564094812.617, "0"], [1564094813.617, "0"], [1564094814.617, "0"], [1564094815.617, "0"], [1564094816.617, "0"], [1564094817.617, "0"], [1564094818.617, "0"], [1564094819.617, "0"], [1564094820.617, "0"], [1564094821.617, "0"], [1564094822.617, "0"], [1564094823.617, "0.3762067086"], [1564094824.617, "0.3762067086"], [1564094825.617, "0.3762067086"], [1564094826.617, "0.3762067086"], [1564094827.617, "0.3762067086"], [1564094828.617, "0"], [1564094829.617, "0"], [1564094830.617, "0"], [1564094831.617, "0"], [1564094832.617, "0"], [1564094833.617, "0"], [1564094834.617, "0"], [1564094835.617, "0"], [1564094836.617, "0"], [1564094837.617, "0"], [1564094838.617, "0"], [1564094839.617, "0"], [1564094840.617, "0"], [1564094841.617, "0"], [1564094842.617, "0"], [1564094843.617, "0.37421007529034855"], [1564094844.617, "0.37421007529034855"]], "mem_values": []}, {"qps": 300, "avg_cpu": 0.07293288527118645, "req_lost": 64.5451384326551, "avg_mem": "N/A", "cpu_values": [[1564094908.813, "0"], [1564094909.813, "0"], [1564094910.813, "0"], [1564094911.813, "0"], [1564094912.813, "0"], [1564094913.813, "0"], [1564094914.813, "0"], [1564094915.813, "0"], [1564094916.813, "0"], [1564094917.813, "0"], [1564094918.813, "0"], [1564094919.813, "0"], [1564094920.813, "0"], [1564094921.813, "0"], [1564094922.813, "0"], [1564094923.813, "0.2249808085999998"], [1564094924.813, "0.2249808085999998"], [1564094925.813, "0.2249808085999998"], [1564094926.813, "0.2249808085999998"], [1564094927.813, "0.2249808085999998"], [1564094928.813, "0"], [1564094929.813, "0"], [1564094930.813, "0"], [1564094931.813, "0"], [1564094932.813, "0"], [1564094933.813, "0.2580572184000001"], [1564094934.813, "0.2580572184000001"], [1564094935.813, "0.2580572184000001"], [1564094936.813, "0.2580572184000001"], [1564094937.813, "0.2580572184000001"], [1564094938.813, "0"], [1564094939.813, "0"], [1564094940.813, "0"], [1564094941.813, "0"], [1564094942.813, "0"], [1564094943.813, "0"], [1564094944.813, "0"], [1564094945.813, "0"], [1564094946.813, "0"], [1564094947.813, "0"], [1564094948.813, "0"], [1564094949.813, "0"], [1564094950.813, "0"], [1564094951.813, "0"], [1564094952.813, "0"], [1564094953.813, "0.3775700192000002"], [1564094954.813, "0.3775700192000002"], [1564094955.813, "0.3775700192000002"], [1564094956.813, "0.3775700192000002"], [1564094957.813, "0.3775700192000002"], [1564094958.813, "0"], [1564094959.813, "0"], [1564094960.813, "0"], [1564094961.813, "0"], [1564094962.813, "0"], [1564094963.813, "0"], [1564094964.813, "0"], [1564094965.813, "0"], [1564094966.813, "0"]], "mem_values": []}, {"qps": 400, "avg_cpu": 0.08876539096973413, "req_lost": 65.46630003481692, "avg_mem": "N/A", "cpu_values": [[1564095027.415, "0"], [1564095028.415, "0"], [1564095029.415, "0"], [1564095030.415, "0"], [1564095031.415, "0"], [1564095032.415, "0"], [1564095033.415, "0.012101902830756756"], [1564095034.415, "0.012101902830756755"], [1564095035.415, "0.012101902830756755"], [1564095036.415, "0.012101902830756755"], [1564095037.415, "0.012101902830756755"], [1564095038.415, "0"], [1564095039.415, "0"], [1564095040.415, "0"], [1564095041.415, "0"], [1564095042.415, "0"], [1564095043.415, "0.1997122972"], [1564095044.415, "0.19971229719999997"], [1564095045.415, "0.19971229719999997"], [1564095046.415, "0.19971229719999997"], [1564095047.415, "0.19971229719999997"], [1564095048.415, "0"], [1564095049.415, "0"], [1564095050.415, "0"], [1564095051.415, "0"], [1564095052.415, "0"], [1564095053.415, "0"], [1564095054.415, "0"], [1564095055.415, "0"], [1564095056.415, "0"], [1564095057.415, "0"], [1564095058.415, "0.35768163199999997"], [1564095059.415, "0.3576816319999999"], [1564095060.415, "0.3576816319999999"], [1564095061.415, "0.3576816319999999"], [1564095062.415, "0.3576816319999999"], [1564095063.415, "0"], [1564095064.415, "0"], [1564095065.415, "0"], [1564095066.415, "0"], [1564095067.415, "0"], [1564095068.415, "0.21128856280000013"], [1564095069.415, "0.21128856280000008"], [1564095070.415, "0.21128856280000008"], [1564095071.415, "0.21128856280000008"], [1564095072.415, "0.21128856280000008"], [1564095073.415, "0"], [1564095074.415, "0"], [1564095075.415, "0"], [1564095076.415, "0"], [1564095077.415, "0"], [1564095078.415, "0"], [1564095079.415, "0"], [1564095080.415, "0"], [1564095081.415, "0"], [1564095082.415, "0"], [1564095083.415, "0.3021533749999997"], [1564095084.415, "0.3021533749999996"], [1564095085.415, "0.3021533749999996"], [1564095086.415, "0.3021533749999996"], [1564095087.415, "0.3021533749999996"]], "mem_values": []}]}