{"pod": 8, "cpu": "300m", "values": [{"qps": 900, "avg_cpu": 0.8599623989993617, "req_lost": 0.00495367293241733, "avg_mem": "N/A", "cpu_values": [[1564084958.461, "0"], [1564084959.461, "0"], [1564084960.461, "0"], [1564084961.461, "0"], [1564084962.461, "0"], [1564084963.461, "0.21146493889606002"], [1564084964.461, "0.24642929255606"], [1564084965.461, "0.28139364621605994"], [1564084966.461, "0.31635799987606"], [1564084967.461, "0.3496435366"], [1564084968.461, "0.8416177483535601"], [1564084969.461, "0.9873294595135601"], [1564084970.461, "1.1330411706735601"], [1564084971.461, "1.2787528818335598"], [1564084972.461, "1.42446459299356"], [1564084973.461, "1.3162171267525"], [1564084974.461, "1.5446965792524998"], [1564084975.461, "1.7731760317524998"], [1564084976.461, "2.0016554842525003"], [1564084977.461, "2.2301349367525"], [1564084978.461, "0.7272719592000001"], [1564084979.461, "0.7272719592000001"], [1564084980.461, "0.7272719592000001"], [1564084981.461, "0.7272719592000001"], [1564084982.461, "0.7272719592000001"], [1564084983.461, "0.28235486900000006"], [1564084984.461, "0.28235486900000006"], [1564084985.461, "0.28235486900000006"], [1564084986.461, "0.28235486900000006"], [1564084987.461, "0.28235486900000006"], [1564084988.461, "2.1038098939816656"], [1564084989.461, "2.1038098939816656"], [1564084990.461, "2.103809893981666"], [1564084991.461, "2.103809893981666"], [1564084992.461, "2.103809893981666"], [1564084993.461, "1.092112229689067"], [1564084994.461, "1.092112229689067"], [1564084995.461, "1.092112229689067"], [1564084996.461, "1.092112229689067"], [1564084997.461, "1.092112229689067"], [1564084998.461, "0.22228931158695225"], [1564084999.461, "0.22228931158695225"], [1564085000.461, "0.22228931158695225"], [1564085001.461, "0.22228931158695225"], [1564085002.461, "0.22228931158695225"], [1564085003.461, "0.6439093516000001"], [1564085004.461, "0.6439093516000001"], [1564085005.461, "0.6439093516000001"], [1564085006.461, "0.6439093516000001"], [1564085007.461, "0.6439093516000001"], [1564085008.461, "1.4891496242"], [1564085009.461, "1.4891496242"], [1564085010.461, "1.4891496242"], [1564085011.461, "1.4891496242"], [1564085012.461, "1.4891496242"], [1564085013.461, "0.3789858398"], [1564085014.461, "0.3789858398"], [1564085015.461, "0.3789858398"]], "mem_values": []}, {"qps": 1000, "avg_cpu": 0.8658260594673152, "req_lost": 0.005757301849007579, "avg_mem": "N/A", "cpu_values": [[1564085075.568, "0.015762760400000176"], [1564085076.568, "0.015762760400000176"], [1564085077.568, "0.015762760400000176"], [1564085078.568, "0.009004145970805812"], [1564085079.568, "0.009004145970805812"], [1564085080.568, "0.009004145970805812"], [1564085081.568, "0.009004145970805812"], [1564085082.568, "0.009004145970805812"], [1564085083.568, "0.47215161832366437"], [1564085084.568, "0.47215161832366437"], [1564085085.568, "0.47215161832366437"], [1564085086.568, "0.47215161832366437"], [1564085087.568, "0.47215161832366437"], [1564085088.568, "1.0391996083999997"], [1564085089.568, "1.0391996083999997"], [1564085090.568, "1.0391996083999997"], [1564085091.568, "1.0391996083999997"], [1564085092.568, "1.0391996083999997"], [1564085093.568, "1.5629889339585"], [1564085094.568, "1.5629889339585"], [1564085095.568, "1.5629889339585"], [1564085096.568, "1.5629889339585"], [1564085097.568, "1.5629889339585"], [1564085098.568, "0.6708133534482763"], [1564085099.568, "0.6708133534482763"], [1564085100.568, "0.6708133534482763"], [1564085101.568, "0.6708133534482763"], [1564085102.568, "0.6708133534482763"], [1564085103.568, "1.0058561506"], [1564085104.568, "1.0058561506"], [1564085105.568, "1.0058561506000003"], [1564085106.568, "1.0058561506000003"], [1564085107.568, "1.0058561506000003"], [1564085108.568, "1.2039942045999994"], [1564085109.568, "1.2039942045999994"], [1564085110.568, "1.2039942045999998"], [1564085111.568, "1.2039942045999998"], [1564085112.568, "1.2039942045999998"], [1564085113.568, "0.8847307333999994"], [1564085114.568, "0.8847307333999994"], [1564085115.568, "0.8847307333999996"], [1564085116.568, "0.8847307333999996"], [1564085117.568, "0.8847307333999996"], [1564085118.568, "1.0859575741999998"], [1564085119.568, "1.0859575741999998"], [1564085120.568, "1.0859575742"], [1564085121.568, "1.0859575742"], [1564085122.568, "1.0859575742"], [1564085123.568, "0"], [1564085124.568, "0"], [1564085125.568, "0"], [1564085126.568, "0"], [1564085127.568, "0"], [1564085128.568, "1.9025117515999999"], [1564085129.568, "1.9025117515999999"], [1564085130.568, "1.9025117516"], [1564085131.568, "1.9025117516"], [1564085132.568, "1.9025117516"], [1564085133.568, "1.1940203245999996"], [1564085134.568, "1.1940203245999996"], [1564085135.568, "1.1940203245999998"]], "mem_values": []}, {"qps": 1100, "avg_cpu": 0.8443049823342951, "req_lost": 0.005801160112550718, "avg_mem": "N/A", "cpu_values": [[1564085195.905, "0"], [1564085196.905, "0"], [1564085197.905, "0"], [1564085198.905, "0"], [1564085199.905, "0"], [1564085200.905, "0"], [1564085201.905, "0"], [1564085202.905, "0.3941820234000005"], [1564085203.905, "0.3941820234000005"], [1564085204.905, "0.3941820234000005"], [1564085205.905, "0.3941820234000005"], [1564085206.905, "0.3941820234000005"], [1564085207.905, "0"], [1564085208.905, "0"], [1564085209.905, "0"], [1564085210.905, "0"], [1564085211.905, "0"], [1564085212.905, "1.100988675135026"], [1564085213.905, "1.100988675135026"], [1564085214.905, "1.100988675135026"], [1564085215.905, "1.100988675135026"], [1564085216.905, "1.100988675135026"], [1564085217.905, "2.358136942611478"], [1564085218.905, "2.3581369426114778"], [1564085219.905, "2.3581369426114778"], [1564085220.905, "2.3581369426114778"], [1564085221.905, "2.3581369426114778"], [1564085222.905, "0.9537963297318928"], [1564085223.905, "0.9537963297318928"], [1564085224.905, "0.9537963297318928"], [1564085225.905, "0.9537963297318928"], [1564085226.905, "0.9537963297318928"], [1564085227.905, "0.7371515694000003"], [1564085228.905, "0.7371515694000003"], [1564085229.905, "0.7371515694000003"], [1564085230.905, "0.7371515694000003"], [1564085231.905, "0.7371515694000003"], [1564085232.905, "1.7500085142000004"], [1564085233.905, "1.7500085142000004"], [1564085234.905, "1.7500085142000004"], [1564085235.905, "1.7500085142000004"], [1564085236.905, "1.7500085142000004"], [1564085237.905, "0.8841757633999997"], [1564085238.905, "0.8841757633999997"], [1564085239.905, "0.8841757633999997"], [1564085240.905, "0.8841757633999997"], [1564085241.905, "0.8841757633999997"], [1564085242.905, "0.6883796664000001"], [1564085243.905, "0.6883796664000001"], [1564085244.905, "0.6883796664000001"], [1564085245.905, "0.6883796664000001"], [1564085246.905, "0.6883796664000001"], [1564085247.905, "0.7228797538000002"], [1564085248.905, "0.7228797538000002"], [1564085249.905, "0.7228797538000002"], [1564085250.905, "0.7228797538000002"], [1564085251.905, "0.7228797538000002"], [1564085252.905, "0.888526933"], [1564085253.905, "0.888526933"], [1564085254.905, "0.888526933"], [1564085255.905, "0.888526933"]], "mem_values": []}]}