{"pod": 1, "cpu": "1", "values": [{"qps": 500, "avg_cpu": 0.7857943469023241, "req_lost": 99.82570815321704, "avg_mem": 6848475.5143236695, "cpu_values": [[1563652808.011, "0"], [1563652809.011, "0"], [1563652810.011, "0"], [1563652811.011, "0"], [1563652812.011, "0"], [1563652813.011, "0"], [1563652814.011, "0"], [1563652815.011, "0"], [1563652816.011, "0"], [1563652817.011, "0"], [1563652818.011, "1.6343217292507202"], [1563652819.011, "1.94782105517072"], [1563652820.011, "2.2613203810907203"], [1563652821.011, "2.57481970701072"], [1563652822.011, "2.8883190329307205"], [1563652823.011, "0"], [1563652824.011, "0"], [1563652825.011, "0"], [1563652826.011, "0"], [1563652827.011, "0"], [1563652828.011, "2.086484040478564"], [1563652829.011, "2.086484040478564"], [1563652830.011, "2.086484040478564"], [1563652831.011, "2.086484040478564"], [1563652832.011, "2.086484040478564"], [1563652833.011, "0"], [1563652834.011, "0"], [1563652835.011, "0"], [1563652836.011, "0"], [1563652837.011, "0"], [1563652838.011, "0"], [1563652839.011, "0"], [1563652840.011, "0"], [1563652841.011, "0"], [1563652842.011, "0"], [1563652843.011, "2.6638598006"], [1563652844.011, "2.6638598006"], [1563652845.011, "2.6638598005999996"], [1563652846.011, "2.6638598005999996"], [1563652847.011, "2.6638598005999996"], [1563652848.011, "0"], [1563652849.011, "0"], [1563652850.011, "0"], [1563652851.011, "0"], [1563652852.011, "0"], [1563652853.011, "0"], [1563652854.011, "0"], [1563652855.011, "0"], [1563652856.011, "0"], [1563652857.011, "0"], [1563652858.011, "2.8893445488000005"], [1563652859.011, "2.8893445488000005"], [1563652860.011, "2.8893445487999996"], [1563652861.011, "2.8893445487999996"], [1563652862.011, "2.8893445487999996"], [1563652863.011, "0"], [1563652864.011, "0"], [1563652865.011, "0"], [1563652866.011, "0"], [1563652867.011, "0"], [1563652868.011, "0"], [1563652869.011, "0"], [1563652870.011, "0"]], "mem_values": [[1563652808.011, "0"], [1563652809.011, "0"], [1563652810.011, "0"], [1563652811.011, "0"], [1563652812.011, "0"], [1563652813.011, "0"], [1563652814.011, "0"], [1563652815.011, "0"], [1563652816.011, "0"], [1563652817.011, "0"], [1563652818.011, "28381603.26656"], [1563652819.011, "33747199.42656"], [1563652820.011, "39112795.586559996"], [1563652821.011, "44478391.74655999"], [1563652822.011, "49843987.90656"], [1563652823.011, "0"], [1563652824.011, "0"], [1563652825.011, "0"], [1563652826.011, "0"], [1563652827.011, "0"], [1563652828.011, "12471768.693918247"], [1563652829.011, "12471768.693918247"], [1563652830.011, "12471768.693918247"], [1563652831.011, "12471768.693918247"], [1563652832.011, "12471768.693918247"], [1563652833.011, "0"], [1563652834.011, "0"], [1563652835.011, "0"], [1563652836.011, "0"], [1563652837.011, "0"], [1563652838.011, "0"], [1563652839.011, "0"], [1563652840.011, "0"], [1563652841.011, "0"], [1563652842.011, "0"], [1563652843.011, "18044518.400000002"], [1563652844.011, "18044518.400000002"], [1563652845.011, "18044518.4"], [1563652846.011, "18044518.4"], [1563652847.011, "18044518.4"], [1563652848.011, "0"], [1563652849.011, "0"], [1563652850.011, "0"], [1563652851.011, "0"], [1563652852.011, "0"], [1563652853.011, "0"], [1563652854.011, "0"], [1563652855.011, "0"], [1563652856.011, "0"], [1563652857.011, "0"], [1563652858.011, "16661708.800000003"], [1563652859.011, "16661708.800000003"], [1563652860.011, "16661708.8"], [1563652861.011, "16661708.8"], [1563652862.011, "16661708.8"], [1563652863.011, "0"], [1563652864.011, "0"], [1563652865.011, "0"], [1563652866.011, "0"], [1563652867.011, "0"], [1563652868.011, "0"], [1563652869.011, "0"], [1563652870.011, "0"]]}]}