{"pod": 1, "cpu": "1", "values": [{"qps": 100, "avg_cpu": 0.8355800620352196, "req_lost": 99.10356900607552, "avg_mem": 7206837.486082341, "cpu_values": [[1563653298.232, "0"], [1563653299.232, "0"], [1563653300.232, "0"], [1563653301.232, "0"], [1563653302.232, "0"], [1563653303.232, "0"], [1563653304.232, "0"], [1563653305.232, "0"], [1563653306.232, "0"], [1563653307.232, "0"], [1563653308.232, "1.4456078000736001"], [1563653309.232, "1.7054993128736"], [1563653310.232, "1.9653908256736"], [1563653311.232, "2.2252823384736"], [1563653312.232, "2.4851738512735997"], [1563653313.232, "0"], [1563653314.232, "0"], [1563653315.232, "0"], [1563653316.232, "0"], [1563653317.232, "0"], [1563653318.232, "0"], [1563653319.232, "0"], [1563653320.232, "0"], [1563653321.232, "0"], [1563653322.232, "0"], [1563653323.232, "0"], [1563653324.232, "0"], [1563653325.232, "0"], [1563653326.232, "0"], [1563653327.232, "0"], [1563653328.232, "3.3428574617125753"], [1563653329.232, "3.7075933498197835"], [1563653330.232, "3.7075933498197835"], [1563653331.232, "3.7075933498197835"], [1563653332.232, "3.7075933498197835"], [1563653333.232, "0"], [1563653334.232, "0"], [1563653335.232, "0"], [1563653336.232, "0"], [1563653337.232, "0"], [1563653338.232, "0"], [1563653339.232, "0"], [1563653340.232, "0"], [1563653341.232, "0"], [1563653342.232, "0"], [1563653343.232, "2.9347048324000014"], [1563653344.232, "2.9347048324000005"], [1563653345.232, "2.9347048324000005"], [1563653346.232, "2.9347048324000005"], [1563653347.232, "2.9347048324000005"], [1563653348.232, "0"], [1563653349.232, "0"], [1563653350.232, "0"], [1563653351.232, "0"], [1563653352.232, "0"], [1563653353.232, "2.6620310010000003"], [1563653354.232, "2.662031001"], [1563653355.232, "2.662031001"], [1563653356.232, "2.662031001"], [1563653357.232, "2.662031001"], [1563653358.232, "0"], [1563653359.232, "0"], [1563653360.232, "0"], [1563653361.232, "0"], [1563653362.232, "0"], [1563653363.232, "0"], [1563653364.232, "0"]], "mem_values": [[1563653298.232, "0"], [1563653299.232, "0"], [1563653300.232, "0"], [1563653301.232, "0"], [1563653302.232, "0"], [1563653303.232, "0"], [1563653304.232, "0"], [1563653305.232, "0"], [1563653306.232, "0"], [1563653307.232, "0"], [1563653308.232, "26902413.967359997"], [1563653309.232, "31476335.24736"], [1563653310.232, "36050256.52736"], [1563653311.232, "40624177.80735999"], [1563653312.232, "45198099.087359995"], [1563653313.232, "0"], [1563653314.232, "0"], [1563653315.232, "0"], [1563653316.232, "0"], [1563653317.232, "0"], [1563653318.232, "0"], [1563653319.232, "0"], [1563653320.232, "0"], [1563653321.232, "0"], [1563653322.232, "0"], [1563653323.232, "0"], [1563653324.232, "0"], [1563653325.232, "0"], [1563653326.232, "0"], [1563653327.232, "0"], [1563653328.232, "22268821.786143377"], [1563653329.232, "22268821.78614337"], [1563653330.232, "22268821.78614337"], [1563653331.232, "22268821.78614337"], [1563653332.232, "22268821.78614337"], [1563653333.232, "0"], [1563653334.232, "0"], [1563653335.232, "0"], [1563653336.232, "0"], [1563653337.232, "0"], [1563653338.232, "0"], [1563653339.232, "0"], [1563653340.232, "0"], [1563653341.232, "0"], [1563653342.232, "0"], [1563653343.232, "18239488.000000004"], [1563653344.232, "18239488"], [1563653345.232, "18239488"], [1563653346.232, "18239488"], [1563653347.232, "18239488"], [1563653348.232, "0"], [1563653349.232, "0"], [1563653350.232, "0"], [1563653351.232, "0"], [1563653352.232, "0"], [1563653353.232, "20013056.000000004"], [1563653354.232, "20013056"], [1563653355.232, "20013056"], [1563653356.232, "20013056"], [1563653357.232, "20013056"], [1563653358.232, "0"], [1563653359.232, "0"], [1563653360.232, "0"], [1563653361.232, "0"], [1563653362.232, "0"], [1563653363.232, "0"], [1563653364.232, "0"]]}]}