{"pod": 1, "cpu": "1", "values": [{"qps": 1, "avg_cpu": 0.8224914053956648, "req_lost": 16.587706069485662, "avg_mem": 7093098.164361694, "cpu_values": [[1563654787.827, "0"], [1563654788.827, "0"], [1563654789.827, "0"], [1563654790.827, "0"], [1563654791.827, "0"], [1563654792.827, "0"], [1563654793.827, "0"], [1563654794.827, "0"], [1563654795.827, "0"], [1563654796.827, "0"], [1563654797.827, "1.2833750827503603"], [1563654798.827, "1.53829960423036"], [1563654799.827, "1.7932241257103603"], [1563654800.827, "2.0481486471903603"], [1563654801.827, "2.30307316867036"], [1563654802.827, "0"], [1563654803.827, "0"], [1563654804.827, "0"], [1563654805.827, "0"], [1563654806.827, "0"], [1563654807.827, "2.0786283084"], [1563654808.827, "2.0786283084"], [1563654809.827, "2.0786283084"], [1563654810.827, "2.0786283084"], [1563654811.827, "2.0786283084"], [1563654813.827, "0"], [1563654814.827, "0"], [1563654815.827, "0"], [1563654816.827, "0"], [1563654817.827, "0"], [1563654818.827, "0"], [1563654819.827, "0"], [1563654820.827, "0"], [1563654821.827, "0"], [1563654822.827, "1.6623276157620672"], [1563654823.827, "3.3200007142000003"], [1563654824.827, "3.3200007142000003"], [1563654825.827, "3.3200007142000003"], [1563654826.827, "3.3200007142000003"], [1563654827.827, "0"], [1563654828.827, "0"], [1563654829.827, "0"], [1563654830.827, "0"], [1563654831.827, "0"], [1563654832.827, "0"], [1563654833.827, "0"], [1563654834.827, "0"], [1563654835.827, "0"], [1563654836.827, "0"], [1563654837.827, "0"], [1563654838.827, "0"], [1563654839.827, "0"], [1563654840.827, "0"], [1563654841.827, "0"], [1563654842.827, "3.9965680226000004"], [1563654843.827, "3.9965680226000004"], [1563654844.827, "3.9965680226000004"], [1563654845.827, "3.9965680226000004"], [1563654846.827, "3.9965680226000004"], [1563654847.827, "0"], [1563654848.827, "0"], [1563654849.827, "0"], [1563654850.827, "0"], [1563654851.827, "0"], [1563654852.827, "0"], [1563654853.827, "0"]], "mem_values": [[1563654787.827, "0"], [1563654788.827, "0"], [1563654789.827, "0"], [1563654790.827, "0"], [1563654791.827, "0"], [1563654792.827, "0"], [1563654793.827, "0"], [1563654794.827, "0"], [1563654795.827, "0"], [1563654796.827, "0"], [1563654797.827, "25182654.8736"], [1563654798.827, "30103179.6736"], [1563654799.827, "35023704.4736"], [1563654800.827, "39944229.2736"], [1563654801.827, "44864754.0736"], [1563654802.827, "0"], [1563654803.827, "0"], [1563654804.827, "0"], [1563654805.827, "0"], [1563654806.827, "0"], [1563654807.827, "17267916.8"], [1563654808.827, "17267916.8"], [1563654809.827, "17267916.8"], [1563654810.827, "17267916.8"], [1563654811.827, "17267916.8"], [1563654813.827, "0"], [1563654814.827, "0"], [1563654815.827, "0"], [1563654816.827, "0"], [1563654817.827, "0"], [1563654818.827, "0"], [1563654819.827, "0"], [1563654820.827, "0"], [1563654821.827, "0"], [1563654822.827, "8894628.47987182"], [1563654823.827, "17764352"], [1563654824.827, "17764352"], [1563654825.827, "17764352"], [1563654826.827, "17764352"], [1563654827.827, "0"], [1563654828.827, "0"], [1563654829.827, "0"], [1563654830.827, "0"], [1563654831.827, "0"], [1563654832.827, "0"], [1563654833.827, "0"], [1563654834.827, "0"], [1563654835.827, "0"], [1563654836.827, "0"], [1563654837.827, "0"], [1563654838.827, "0"], [1563654839.827, "0"], [1563654840.827, "0"], [1563654841.827, "0"], [1563654842.827, "25346867.2"], [1563654843.827, "25346867.2"], [1563654844.827, "25346867.2"], [1563654845.827, "25346867.2"], [1563654846.827, "25346867.2"], [1563654847.827, "0"], [1563654848.827, "0"], [1563654849.827, "0"], [1563654850.827, "0"], [1563654851.827, "0"], [1563654852.827, "0"], [1563654853.827, "0"]]}]}