{"pod": 2, "cpu": "1", "values": [{"qps": 1, "avg_cpu": 0.6840308118304173, "req_lost": 9.107326441370756, "avg_mem": 9062852.668242674, "cpu_values": [[1563654968.161, "0"], [1563654969.161, "0"], [1563654970.161, "0"], [1563654971.161, "0"], [1563654972.161, "0"], [1563654973.161, "1.5710680105883001"], [1563654974.161, "1.8617583568883003"], [1563654975.161, "2.1524487031883"], [1563654976.161, "2.4431390494883"], [1563654977.161, "2.7338293957883004"], [1563654978.161, "0"], [1563654979.161, "0"], [1563654980.161, "0"], [1563654981.161, "0"], [1563654982.161, "0"], [1563654983.161, "0"], [1563654984.161, "0"], [1563654985.161, "0"], [1563654986.161, "0"], [1563654987.161, "0"], [1563654988.161, "0.9464164635999996"], [1563654989.161, "0.9464164635999996"], [1563654990.161, "0.9464164635999998"], [1563654991.161, "0.9464164635999998"], [1563654992.161, "0.9464164635999998"], [1563654993.161, "1.5092867432"], [1563654994.161, "1.5092867432"], [1563654995.161, "1.5092867432000001"], [1563654996.161, "1.5092867432000001"], [1563654997.161, "1.5092867432000001"], [1563654998.161, "0.7354980473715769"], [1563654999.161, "0.7354980473715771"], [1563655000.161, "0.7354980473715771"], [1563655001.161, "0.7354980473715771"], [1563655002.161, "0.7354980473715771"], [1563655003.161, "1.4070472203321986"], [1563655004.161, "1.4070472203321986"], [1563655005.161, "1.407047220332199"], [1563655006.161, "1.407047220332199"], [1563655007.161, "1.407047220332199"], [1563655008.161, "0"], [1563655009.161, "0"], [1563655010.161, "0"], [1563655011.161, "0"], [1563655012.161, "0"], [1563655013.161, "1.3658794156050953"], [1563655014.161, "1.3658794156050953"], [1563655015.161, "1.3658794156050953"], [1563655016.161, "1.3658794156050953"], [1563655017.161, "1.3658794156050953"], [1563655018.161, "0"], [1563655019.161, "0"], [1563655020.161, "0"], [1563655021.161, "0"], [1563655022.161, "0"], [1563655023.161, "0.3654054733999998"], [1563655024.161, "0.3654054733999998"], [1563655025.161, "0.3654054733999999"], [1563655026.161, "0.3654054733999999"], [1563655027.161, "0.3654054733999999"], [1563655028.161, "0"], [1563655029.161, "0"]], "mem_values": [[1563654968.161, "0"], [1563654969.161, "0"], [1563654970.161, "0"], [1563654971.161, "0"], [1563654972.161, "0"], [1563654973.161, "43700412.8256"], [1563654974.161, "51614294.4256"], [1563654975.161, "59528176.0256"], [1563654976.161, "67442057.6256"], [1563654977.161, "75355939.2256"], [1563654978.161, "0"], [1563654979.161, "0"], [1563654980.161, "0"], [1563654981.161, "0"], [1563654982.161, "0"], [1563654983.161, "0"], [1563654984.161, "0"], [1563654985.161, "0"], [1563654986.161, "0"], [1563654987.161, "0"], [1563654988.161, "7588249.599999999"], [1563654989.161, "7588249.599999999"], [1563654990.161, "7588249.6"], [1563654991.161, "7588249.6"], [1563654992.161, "7588249.6"], [1563654993.161, "11050188.799999997"], [1563654994.161, "11050188.799999997"], [1563654995.161, "11050188.8"], [1563654996.161, "11050188.8"], [1563654997.161, "11050188.8"], [1563654998.161, "5227455.526683988"], [1563654999.161, "5227455.52668399"], [1563655000.161, "5227455.52668399"], [1563655001.161, "5227455.52668399"], [1563655002.161, "5227455.52668399"], [1563655003.161, "14633138.282969778"], [1563655004.161, "14633138.282969778"], [1563655005.161, "14633138.282969782"], [1563655006.161, "14633138.282969782"], [1563655007.161, "14633138.282969782"], [1563655008.161, "0"], [1563655009.161, "0"], [1563655010.161, "0"], [1563655011.161, "0"], [1563655012.161, "0"], [1563655013.161, "11309656.050955413"], [1563655014.161, "11309656.050955413"], [1563655015.161, "11309656.050955413"], [1563655016.161, "11309656.050955413"], [1563655017.161, "11309656.050955413"], [1563655018.161, "0"], [1563655019.161, "0"], [1563655020.161, "0"], [1563655021.161, "0"], [1563655022.161, "0"], [1563655023.161, "3042508.7999999993"], [1563655024.161, "3042508.7999999993"], [1563655025.161, "3042508.8"], [1563655026.161, "3042508.8"], [1563655027.161, "3042508.8"], [1563655028.161, "0"], [1563655029.161, "0"]]}]}