{"pod": 1, "cpu": "2", "values": [{"qps": 1, "avg_cpu": 0.7575337604921893, "req_lost": 8.295081017394445, "avg_mem": 7745732.679859648, "cpu_values": [[1563655188.25, "0"], [1563655189.25, "0"], [1563655190.25, "0"], [1563655191.25, "0"], [1563655192.25, "0"], [1563655193.25, "0"], [1563655194.25, "0"], [1563655195.25, "0"], [1563655196.25, "0"], [1563655197.25, "0"], [1563655198.25, "1.5980993759744"], [1563655199.25, "1.8909499040543998"], [1563655200.25, "2.1838004321344"], [1563655201.25, "2.4766509602144"], [1563655202.25, "2.7695014882943996"], [1563655203.25, "0"], [1563655204.25, "0"], [1563655205.25, "0"], [1563655206.25, "0"], [1563655207.25, "0"], [1563655208.25, "0"], [1563655209.25, "0"], [1563655210.25, "0"], [1563655211.25, "0"], [1563655212.25, "0"], [1563655213.25, "3.400962916982799"], [1563655214.25, "3.5520980995999993"], [1563655215.25, "3.5520980995999993"], [1563655216.25, "3.5520980995999993"], [1563655217.25, "3.5520980995999993"], [1563655218.25, "0"], [1563655219.25, "0"], [1563655220.25, "0"], [1563655221.25, "0"], [1563655222.25, "0"], [1563655223.25, "0"], [1563655224.25, "0"], [1563655225.25, "0"], [1563655226.25, "0"], [1563655227.25, "0"], [1563655228.25, "0"], [1563655229.25, "0"], [1563655230.25, "0"], [1563655231.25, "0"], [1563655232.25, "0"], [1563655233.25, "2.9302133744"], [1563655234.25, "2.9302133744"], [1563655235.25, "2.9302133744"], [1563655236.25, "2.9302133744"], [1563655237.25, "2.9302133744"], [1563655238.25, "0"], [1563655239.25, "0"], [1563655240.25, "0"], [1563655241.25, "0"], [1563655242.25, "0"], [1563655243.25, "0"], [1563655244.25, "0"]], "mem_values": [[1563655188.25, "0"], [1563655189.25, "0"], [1563655190.25, "0"], [1563655191.25, "0"], [1563655192.25, "0"], [1563655193.25, "0"], [1563655194.25, "0"], [1563655195.25, "0"], [1563655196.25, "0"], [1563655197.25, "0"], [1563655198.25, "30118655.5904"], [1563655199.25, "35554784.8704"], [1563655200.25, "40990914.1504"], [1563655201.25, "46427043.4304"], [1563655202.25, "51863172.7104"], [1563655203.25, "0"], [1563655204.25, "0"], [1563655205.25, "0"], [1563655206.25, "0"], [1563655207.25, "0"], [1563655208.25, "0"], [1563655209.25, "0"], [1563655210.25, "0"], [1563655211.25, "0"], [1563655212.25, "0"], [1563655213.25, "25908838.4"], [1563655214.25, "25908838.4"], [1563655215.25, "25908838.4"], [1563655216.25, "25908838.4"], [1563655217.25, "25908838.4"], [1563655218.25, "0"], [1563655219.25, "0"], [1563655220.25, "0"], [1563655221.25, "0"], [1563655222.25, "0"], [1563655223.25, "0"], [1563655224.25, "0"], [1563655225.25, "0"], [1563655226.25, "0"], [1563655227.25, "0"], [1563655228.25, "0"], [1563655229.25, "0"], [1563655230.25, "0"], [1563655231.25, "0"], [1563655232.25, "0"], [1563655233.25, "21401600"], [1563655234.25, "21401600"], [1563655235.25, "21401600"], [1563655236.25, "21401600"], [1563655237.25, "21401600"], [1563655238.25, "0"], [1563655239.25, "0"], [1563655240.25, "0"], [1563655241.25, "0"], [1563655242.25, "0"], [1563655243.25, "0"], [1563655244.25, "0"]]}]}