{"pod": 1, "cpu": "1", "values": [{"qps": 500, "avg_cpu": 0.9046106249956901, "req_lost": 99.82767002315434, "avg_mem": 8043504.6624619365, "cpu_values": [[1563653038.776, "0"], [1563653039.776, "0"], [1563653040.776, "0"], [1563653041.776, "0"], [1563653042.776, "0"], [1563653043.776, "0"], [1563653044.776, "0"], [1563653045.776, "0"], [1563653046.776, "0"], [1563653047.776, "0"], [1563653048.776, "1.71619315942656"], [1563653049.776, "2.00320406018656"], [1563653050.776, "2.2902149609465603"], [1563653051.776, "2.57722586170656"], [1563653052.776, "2.86423676246656"], [1563653053.776, "0"], [1563653054.776, "0"], [1563653055.776, "0"], [1563653056.776, "0"], [1563653057.776, "0"], [1563653058.776, "0"], [1563653059.776, "0"], [1563653060.776, "0"], [1563653061.776, "0"], [1563653062.776, "0"], [1563653063.776, "3.2363952863999996"], [1563653064.776, "3.2363952863999996"], [1563653065.776, "3.2363952863999996"], [1563653066.776, "3.2363952863999996"], [1563653067.776, "3.2363952863999996"], [1563653068.776, "0"], [1563653069.776, "0"], [1563653070.776, "0"], [1563653071.776, "0"], [1563653072.776, "0"], [1563653073.776, "0"], [1563653074.776, "0"], [1563653075.776, "0"], [1563653076.776, "0"], [1563653077.776, "0"], [1563653078.776, "3.1917987156"], [1563653079.776, "3.1917987156"], [1563653080.776, "3.1917987156"], [1563653081.776, "3.1917987156"], [1563653082.776, "3.1917987156"], [1563653083.776, "0"], [1563653084.776, "0"], [1563653085.776, "0"], [1563653086.776, "0"], [1563653087.776, "0"], [1563653088.776, "0"], [1563653089.776, "0"], [1563653090.776, "0"], [1563653091.776, "0"], [1563653092.776, "0"], [1563653093.776, "2.4987627869999995"], [1563653094.776, "2.4987627869999995"], [1563653095.776, "2.4987627869999995"], [1563653096.776, "2.4987627869999995"], [1563653097.776, "2.4987627869999995"], [1563653098.776, "0"], [1563653099.776, "0"]], "mem_values": [[1563653038.776, "0"], [1563653039.776, "0"], [1563653040.776, "0"], [1563653041.776, "0"], [1563653042.776, "0"], [1563653043.776, "0"], [1563653044.776, "0"], [1563653045.776, "0"], [1563653046.776, "0"], [1563653047.776, "0"], [1563653048.776, "33224404.82816"], [1563653049.776, "38719844.18816001"], [1563653050.776, "44215283.54816"], [1563653051.776, "49710722.90816"], [1563653052.776, "54954393.6"], [1563653053.776, "0"], [1563653054.776, "0"], [1563653055.776, "0"], [1563653056.776, "0"], [1563653057.776, "0"], [1563653058.776, "0"], [1563653059.776, "0"], [1563653060.776, "0"], [1563653061.776, "0"], [1563653062.776, "0"], [1563653063.776, "19860684.8"], [1563653064.776, "19860684.8"], [1563653065.776, "19860684.8"], [1563653066.776, "19860684.8"], [1563653067.776, "19860684.8"], [1563653068.776, "0"], [1563653069.776, "0"], [1563653070.776, "0"], [1563653071.776, "0"], [1563653072.776, "0"], [1563653073.776, "0"], [1563653074.776, "0"], [1563653075.776, "0"], [1563653076.776, "0"], [1563653077.776, "0"], [1563653078.776, "21227929.6"], [1563653079.776, "21227929.6"], [1563653080.776, "21227929.6"], [1563653081.776, "21227929.6"], [1563653082.776, "21227929.6"], [1563653083.776, "0"], [1563653084.776, "0"], [1563653085.776, "0"], [1563653086.776, "0"], [1563653087.776, "0"], [1563653088.776, "0"], [1563653089.776, "0"], [1563653090.776, "0"], [1563653091.776, "0"], [1563653092.776, "0"], [1563653093.776, "14485913.6"], [1563653094.776, "14485913.6"], [1563653095.776, "14485913.6"], [1563653096.776, "14485913.6"], [1563653097.776, "14485913.6"], [1563653098.776, "0"], [1563653099.776, "0"]]}]}