{"pod": 1, "cpu": "1", "values": [{"qps": 1, "avg_cpu": 0.9018069971213281, "req_lost": 12.973435213983809, "avg_mem": 7669863.359999999, "cpu_values": [[1563653518.395, "0"], [1563653519.395, "0"], [1563653520.395, "0"], [1563653521.395, "0"], [1563653522.395, "0"], [1563653523.395, "0"], [1563653524.395, "0"], [1563653525.395, "0"], [1563653526.395, "0"], [1563653527.395, "0"], [1563653528.395, "0"], [1563653529.395, "0"], [1563653530.395, "0"], [1563653531.395, "0"], [1563653532.395, "0"], [1563653533.395, "2.125260504513"], [1563653534.395, "2.505298097753"], [1563653535.395, "2.885335690993"], [1563653536.395, "3.265373284233001"], [1563653537.395, "3.645410877473"], [1563653538.395, "0"], [1563653539.395, "0"], [1563653540.395, "0"], [1563653541.395, "0"], [1563653542.395, "0"], [1563653543.395, "0"], [1563653544.395, "0"], [1563653545.395, "0"], [1563653546.395, "0"], [1563653547.395, "0"], [1563653548.395, "2.9878132588000006"], [1563653549.395, "2.9878132588000006"], [1563653550.395, "2.9878132588000006"], [1563653551.395, "2.9878132588000006"], [1563653552.395, "2.9878132588000006"], [1563653553.395, "0"], [1563653554.395, "0"], [1563653555.395, "0"], [1563653556.395, "0"], [1563653557.395, "0"], [1563653558.395, "0"], [1563653559.395, "0"], [1563653560.395, "0"], [1563653561.395, "0"], [1563653562.395, "0"], [1563653563.395, "0"], [1563653564.395, "0"], [1563653565.395, "0"], [1563653566.395, "0"], [1563653567.395, "0"], [1563653568.395, "3.520037405999999"], [1563653569.395, "3.520037405999999"], [1563653570.395, "3.520037405999999"], [1563653571.395, "3.520037405999999"], [1563653572.395, "3.520037405999999"], [1563653573.395, "0"], [1563653574.395, "0"], [1563653575.395, "0"], [1563653576.395, "0"], [1563653577.395, "0"], [1563653578.395, "2.6874290091999997"], [1563653579.395, "2.6874290091999997"], [1563653580.395, "2.6874290091999997"], [1563653581.395, "2.6874290091999997"]], "mem_values": [[1563653518.395, "0"], [1563653519.395, "0"], [1563653520.395, "0"], [1563653521.395, "0"], [1563653522.395, "0"], [1563653523.395, "0"], [1563653524.395, "0"], [1563653525.395, "0"], [1563653526.395, "0"], [1563653527.395, "0"], [1563653528.395, "0"], [1563653529.395, "0"], [1563653530.395, "0"], [1563653531.395, "0"], [1563653532.395, "0"], [1563653533.395, "30622363.648000002"], [1563653534.395, "36025970.688"], [1563653535.395, "41429577.728"], [1563653536.395, "46833184.768"], [1563653537.395, "52236791.808000006"], [1563653538.395, "0"], [1563653539.395, "0"], [1563653540.395, "0"], [1563653541.395, "0"], [1563653542.395, "0"], [1563653543.395, "0"], [1563653544.395, "0"], [1563653545.395, "0"], [1563653546.395, "0"], [1563653547.395, "0"], [1563653548.395, "26932019.2"], [1563653549.395, "26932019.2"], [1563653550.395, "26932019.2"], [1563653551.395, "26932019.2"], [1563653552.395, "26932019.2"], [1563653553.395, "0"], [1563653554.395, "0"], [1563653555.395, "0"], [1563653556.395, "0"], [1563653557.395, "0"], [1563653558.395, "0"], [1563653559.395, "0"], [1563653560.395, "0"], [1563653561.395, "0"], [1563653562.395, "0"], [1563653563.395, "0"], [1563653564.395, "0"], [1563653565.395, "0"], [1563653566.395, "0"], [1563653567.395, "0"], [1563653568.395, "20917452.8"], [1563653569.395, "20917452.8"], [1563653570.395, "20917452.8"], [1563653571.395, "20917452.8"], [1563653572.395, "20917452.8"], [1563653573.395, "0"], [1563653574.395, "0"], [1563653575.395, "0"], [1563653576.395, "0"], [1563653577.395, "0"], [1563653578.395, "11119001.6"], [1563653579.395, "11119001.6"], [1563653580.395, "11119001.6"], [1563653581.395, "11119001.6"]]}]}