{"pod": 1, "cpu": "1", "values": [{"qps": 1, "avg_cpu": 0.8385244948266477, "req_lost": 14.953459016858893, "avg_mem": 6912570.496050728, "cpu_values": [[1563653898.201, "0"], [1563653899.201, "0"], [1563653900.201, "0"], [1563653901.201, "0"], [1563653902.201, "0"], [1563653903.201, "0"], [1563653904.201, "0"], [1563653905.201, "0"], [1563653906.201, "0"], [1563653907.201, "0"], [1563653908.201, "0"], [1563653909.201, "0"], [1563653910.201, "0"], [1563653911.201, "0"], [1563653912.201, "0"], [1563653913.201, "1.67584006225076"], [1563653914.201, "1.9821317482107603"], [1563653915.201, "2.2884234341707597"], [1563653916.201, "2.59471512013076"], [1563653917.201, "2.9010068060907597"], [1563653918.201, "0"], [1563653919.201, "0"], [1563653920.201, "0"], [1563653921.201, "0"], [1563653922.201, "0"], [1563653923.201, "2.244586455940989"], [1563653924.201, "2.244586455940989"], [1563653925.201, "2.244586455940989"], [1563653926.201, "2.244586455940989"], [1563653927.201, "2.244586455940989"], [1563653928.201, "0"], [1563653929.201, "0"], [1563653930.201, "0"], [1563653931.201, "0"], [1563653932.201, "0"], [1563653933.201, "0"], [1563653934.201, "0"], [1563653935.201, "0"], [1563653936.201, "0"], [1563653937.201, "0"], [1563653938.201, "0"], [1563653939.201, "0"], [1563653940.201, "0"], [1563653941.201, "0"], [1563653942.201, "0"], [1563653943.201, "3.5630426422"], [1563653944.201, "3.5630426422"], [1563653945.201, "3.5630426422"], [1563653946.201, "3.5630426422"], [1563653947.201, "3.5630426422"], [1563653948.201, "0"], [1563653949.201, "0"], [1563653950.201, "0"], [1563653951.201, "0"], [1563653952.201, "0"], [1563653953.201, "0"], [1563653954.201, "0"], [1563653955.201, "0"], [1563653956.201, "0"], [1563653957.201, "0"], [1563653958.201, "2.9724707994"], [1563653959.201, "2.9724707994"], [1563653960.201, "2.9724707994"], [1563653961.201, "2.9724707994"], [1563653962.201, "2.9724707994"], [1563653963.201, "0"]], "mem_values": [[1563653898.201, "0"], [1563653899.201, "0"], [1563653900.201, "0"], [1563653901.201, "0"], [1563653902.201, "0"], [1563653903.201, "0"], [1563653904.201, "0"], [1563653905.201, "0"], [1563653906.201, "0"], [1563653907.201, "0"], [1563653908.201, "0"], [1563653909.201, "0"], [1563653910.201, "0"], [1563653911.201, "0"], [1563653912.201, "0"], [1563653913.201, "28938275.717120003"], [1563653914.201, "33948175.23712"], [1563653915.201, "38958074.75712"], [1563653916.201, "43967974.27712"], [1563653917.201, "48977873.79712"], [1563653918.201, "0"], [1563653919.201, "0"], [1563653920.201, "0"], [1563653921.201, "0"], [1563653922.201, "0"], [1563653923.201, "13837065.3907496"], [1563653924.201, "13837065.3907496"], [1563653925.201, "13837065.3907496"], [1563653926.201, "13837065.3907496"], [1563653927.201, "13837065.3907496"], [1563653928.201, "0"], [1563653929.201, "0"], [1563653930.201, "0"], [1563653931.201, "0"], [1563653932.201, "0"], [1563653933.201, "0"], [1563653934.201, "0"], [1563653935.201, "0"], [1563653936.201, "0"], [1563653937.201, "0"], [1563653938.201, "0"], [1563653939.201, "0"], [1563653940.201, "0"], [1563653941.201, "0"], [1563653942.201, "0"], [1563653943.201, "17602969.6"], [1563653944.201, "17602969.6"], [1563653945.201, "17602969.6"], [1563653946.201, "17602969.6"], [1563653947.201, "17602969.6"], [1563653948.201, "0"], [1563653949.201, "0"], [1563653950.201, "0"], [1563653951.201, "0"], [1563653952.201, "0"], [1563653953.201, "0"], [1563653954.201, "0"], [1563653955.201, "0"], [1563653956.201, "0"], [1563653957.201, "0"], [1563653958.201, "20847820.8"], [1563653959.201, "20847820.8"], [1563653960.201, "20847820.8"], [1563653961.201, "20847820.8"], [1563653962.201, "20847820.8"], [1563653963.201, "0"]]}]}