{"pod": 2, "cpu": "2", "values": [{"qps": 1, "avg_cpu": 0.6463894007768448, "req_lost": 4.759222368572669, "avg_mem": 9718200.673103448, "cpu_values": [[1563655347.97, "0"], [1563655348.97, "0"], [1563655349.97, "0"], [1563655350.97, "0"], [1563655351.97, "0"], [1563655352.97, "0"], [1563655353.97, "0"], [1563655354.97, "0"], [1563655355.97, "0"], [1563655356.97, "0"], [1563655357.97, "0.43205623752000005"], [1563655358.97, "0.5146350883199999"], [1563655359.97, "0.59721393912"], [1563655360.97, "0.6797927899199999"], [1563655361.97, "0.7623716407199999"], [1563655362.97, "1.1856460770330002"], [1563655363.97, "1.4144521532529999"], [1563655364.97, "1.643258229473"], [1563655365.97, "1.8720643056930002"], [1563655366.97, "2.1008703819130004"], [1563655367.97, "0"], [1563655368.97, "0"], [1563655369.97, "0"], [1563655370.97, "0"], [1563655371.97, "0"], [1563655372.97, "0"], [1563655373.97, "0"], [1563655374.97, "0"], [1563655375.97, "0"], [1563655376.97, "0"], [1563655377.97, "1.8046097947260002"], [1563655378.97, "1.9502875935660002"], [1563655379.97, "2.0914777092000003"], [1563655380.97, "2.0914777092000003"], [1563655381.97, "2.0914777092000003"], [1563655382.97, "0"], [1563655383.97, "0"], [1563655384.97, "0"], [1563655385.97, "0"], [1563655386.97, "0"], [1563655387.97, "0"], [1563655388.97, "0"], [1563655389.97, "0"], [1563655390.97, "0"], [1563655391.97, "0"], [1563655392.97, "1.6750177266000001"], [1563655393.97, "1.6750177266000001"], [1563655394.97, "1.6750177266000001"], [1563655395.97, "1.6750177266000001"], [1563655396.97, "1.6750177266000001"], [1563655397.97, "0.9017878697999997"], [1563655398.97, "0.9017878697999997"], [1563655399.97, "0.9017878697999997"], [1563655400.97, "0.9017878697999997"], [1563655401.97, "0.9017878697999997"], [1563655402.97, "1.1249553014"], [1563655403.97, "1.1249553014"], [1563655404.97, "1.1249553014"]], "mem_values": [[1563655347.97, "0"], [1563655348.97, "0"], [1563655349.97, "0"], [1563655350.97, "0"], [1563655351.97, "0"], [1563655352.97, "0"], [1563655353.97, "0"], [1563655354.97, "0"], [1563655355.97, "0"], [1563655356.97, "0"], [1563655357.97, "17773477.888000004"], [1563655358.97, "21105655.808"], [1563655359.97, "24437833.727999996"], [1563655360.97, "27770011.648000002"], [1563655361.97, "31102189.568000007"], [1563655362.97, "25136250.880000003"], [1563655363.97, "29908910.080000002"], [1563655364.97, "34681569.28"], [1563655365.97, "39454228.480000004"], [1563655366.97, "44226887.68000001"], [1563655367.97, "0"], [1563655368.97, "0"], [1563655369.97, "0"], [1563655370.97, "0"], [1563655371.97, "0"], [1563655372.97, "0"], [1563655373.97, "0"], [1563655374.97, "0"], [1563655375.97, "0"], [1563655376.97, "0"], [1563655377.97, "21728460.8"], [1563655378.97, "21728460.8"], [1563655379.97, "21728460.8"], [1563655380.97, "21728460.8"], [1563655381.97, "21728460.8"], [1563655382.97, "0"], [1563655383.97, "0"], [1563655384.97, "0"], [1563655385.97, "0"], [1563655386.97, "0"], [1563655387.97, "0"], [1563655388.97, "0"], [1563655389.97, "0"], [1563655390.97, "0"], [1563655391.97, "0"], [1563655392.97, "16698572.8"], [1563655393.97, "16698572.8"], [1563655394.97, "16698572.8"], [1563655395.97, "16698572.8"], [1563655396.97, "16698572.8"], [1563655397.97, "9706700.8"], [1563655398.97, "9706700.8"], [1563655399.97, "9706700.8"], [1563655400.97, "9706700.8"], [1563655401.97, "9706700.8"], [1563655402.97, "9129984"], [1563655403.97, "9129984"], [1563655404.97, "9129984"]]}]}