{"pod": 8, "cpu": "200m", "values": [{"qps": 800, "avg_cpu": 0.7727815460257599, "req_lost": 0.004412546952381469, "avg_mem": "N/A", "cpu_values": [[1564084523.021, "0"], [1564084524.021, "0"], [1564084525.021, "0"], [1564084526.021, "0"], [1564084527.021, "0"], [1564084528.021, "0.5761977210195999"], [1564084529.021, "0.6834664206196001"], [1564084530.021, "0.7907351202196"], [1564084531.021, "0.8980038198195999"], [1564084532.021, "1.0052725194196"], [1564084533.021, "0.78716729454924"], [1564084534.021, "0.93349859578924"], [1564084535.021, "1.07982989702924"], [1564084536.021, "1.22616119826924"], [1564084537.021, "1.3724924995092402"], [1564084538.021, "0.8603015462366801"], [1564084539.021, "0.9680899469166802"], [1564084540.021, "1.0758783475966802"], [1564084541.021, "1.1836667482766803"], [1564084542.021, "1.2914551489566801"], [1564084543.021, "0.3337567982"], [1564084544.021, "0.3337567982"], [1564084545.021, "0.3337567982"], [1564084546.021, "0.3337567982"], [1564084547.021, "0.3337567982"], [1564084548.021, "1.1190227843027798"], [1564084549.021, "1.1666808310827799"], [1564084550.021, "1.1750097955999999"], [1564084551.021, "1.1750097955999999"], [1564084552.021, "1.1750097955999999"], [1564084553.021, "1.4187501094"], [1564084554.021, "1.4187501094"], [1564084555.021, "1.4187501094"], [1564084556.021, "1.4187501094"], [1564084557.021, "1.4187501094"], [1564084558.021, "0.3773330882"], [1564084559.021, "0.3773330882"], [1564084560.021, "0.3773330882"], [1564084561.021, "0.3773330882"], [1564084562.021, "0.3773330882"], [1564084563.021, "1.082570677"], [1564084564.021, "1.082570677"], [1564084565.021, "1.082570677"], [1564084566.021, "1.082570677"], [1564084567.021, "1.082570677"], [1564084568.021, "0.9153167089999998"], [1564084569.021, "0.9153167089999998"], [1564084570.021, "0.9153167089999998"], [1564084571.021, "0.9153167089999998"], [1564084572.021, "0.9153167089999998"], [1564084573.021, "0.2826007491511883"], [1564084574.021, "0.28260074915118827"], [1564084575.021, "0.28260074915118827"], [1564084576.021, "0.28260074915118827"], [1564084577.021, "0.28260074915118827"], [1564084578.021, "0.7269788211496095"], [1564084579.021, "0.7269788211496095"]], "mem_values": []}, {"qps": 900, "avg_cpu": 0.7930573843227595, "req_lost": 41.73858893698396, "avg_mem": "N/A", "cpu_values": [[1564084639.119, "0.003645091654993026"], [1564084640.119, "0.003645091654993026"], [1564084641.119, "0.003645091654993026"], [1564084642.119, "0.003645091654993026"], [1564084643.119, "0.010700222400000037"], [1564084644.119, "0.010700222400000037"], [1564084645.119, "0.010700222400000037"], [1564084646.119, "0.010700222400000037"], [1564084647.119, "0.010700222400000037"], [1564084648.119, "1.2353882982000004"], [1564084649.119, "1.2353882982000004"], [1564084650.119, "1.2353882982000004"], [1564084651.119, "1.2353882982000004"], [1564084652.119, "1.2353882982000004"], [1564084653.119, "0"], [1564084654.119, "0"], [1564084655.119, "0"], [1564084656.119, "0"], [1564084657.119, "0"], [1564084658.119, "1.7854868400319939"], [1564084659.119, "1.7854868400319939"], [1564084660.119, "1.7854868400319939"], [1564084661.119, "1.7854868400319939"], [1564084662.119, "1.7854868400319939"], [1564084663.119, "0.8363734214842968"], [1564084664.119, "0.8363734214842968"], [1564084665.119, "0.8363734214842968"], [1564084666.119, "0.8363734214842968"], [1564084667.119, "0.8363734214842968"], [1564084668.119, "0.5356039918000001"], [1564084669.119, "0.5356039918000001"], [1564084670.119, "0.5356039918000001"], [1564084671.119, "0.5356039918000001"], [1564084672.119, "0.5356039918000001"], [1564084673.119, "1.1400258374"], [1564084674.119, "1.1400258374"], [1564084675.119, "1.1400258374"], [1564084676.119, "1.1400258374"], [1564084677.119, "1.1400258374"], [1564084678.119, "1.4324102973999995"], [1564084679.119, "1.4324102973999995"], [1564084680.119, "1.4324102973999995"], [1564084681.119, "1.4324102973999995"], [1564084682.119, "1.4324102973999995"]], "mem_values": []}, {"qps": 1000, "avg_cpu": 0.7589986895443654, "req_lost": 43.780468607762245, "avg_mem": "N/A", "cpu_values": [[1564084766.997, "0"], [1564084767.997, "0.009969791808873326"], [1564084768.997, "0.009969791808873326"], [1564084769.997, "0.009969791808873326"], [1564084770.997, "0.009969791808873326"], [1564084771.997, "0.009969791808873326"], [1564084772.997, "0.07772057500000003"], [1564084773.997, "0.07772057500000003"], [1564084774.997, "0.07772057500000003"], [1564084775.997, "0.07772057500000003"], [1564084776.997, "0.07772057500000003"], [1564084777.997, "0.6939626865403792"], [1564084778.997, "0.693962686540379"], [1564084779.997, "0.693962686540379"], [1564084780.997, "0.693962686540379"], [1564084781.997, "0.693962686540379"], [1564084782.997, "0.9911287715145436"], [1564084783.997, "0.9911287715145436"], [1564084784.997, "0.9911287715145436"], [1564084785.997, "0.9911287715145436"], [1564084786.997, "0.9911287715145436"], [1564084787.997, "0.7327652062000003"], [1564084788.997, "0.7327652062000003"], [1564084789.997, "0.7327652062000003"], [1564084790.997, "0.7327652062000003"], [1564084791.997, "0.7327652062000003"], [1564084792.997, "1.2569454468000003"], [1564084793.997, "1.2569454468000003"], [1564084794.997, "1.2569454468000003"], [1564084795.997, "1.2569454468000003"], [1564084796.997, "1.2569454468000003"], [1564084797.997, "0.9197862743999998"], [1564084798.997, "0.9197862743999998"], [1564084799.997, "0.9197862743999998"], [1564084800.997, "0.9197862743999998"], [1564084801.997, "0.9197862743999998"], [1564084802.997, "1.5415105019999995"], [1564084803.997, "1.5415105019999995"], [1564084804.997, "1.5415105019999995"], [1564084805.997, "1.5415105019999995"], [1564084806.997, "1.5415105019999995"]], "mem_values": []}]}