{"pod": 25, "cpu": "50m", "values": [{"qps": 1000, "avg_cpu": 0.6948643387327867, "req_lost": 70.56522319484634, "avg_mem": "N/A", "cpu_values": [[1564087216.566, "0"], [1564087217.566, "0"], [1564087218.566, "0.18555389432699998"], [1564087219.566, "0.21190034382700002"], [1564087220.566, "0.238246793327"], [1564087221.566, "0.25599205770012"], [1564087222.566, "0.263464495"], [1564087223.566, "0.9007731459798001"], [1564087224.566, "1.0420487822798"], [1564087225.566, "1.1833244185798"], [1564087226.566, "1.3246000548797998"], [1564087227.566, "1.412756363"], [1564087228.566, "1.46274148896992"], [1564087229.566, "1.7024706564899201"], [1564087230.566, "1.94219982400992"], [1564087231.566, "2.1819289915299205"], [1564087232.566, "2.3972916751999995"], [1564087233.566, "0.20421932899999998"], [1564087234.566, "0.20421932899999998"], [1564087235.566, "0.20421932899999998"], [1564087236.566, "0.20421932899999998"], [1564087237.566, "0.20421932899999998"], [1564087238.566, "0.8933079816000001"], [1564087239.566, "0.8933079816000001"], [1564087240.566, "0.8933079816000001"], [1564087241.566, "0.8933079816000001"], [1564087242.566, "0.8933079816000001"], [1564087243.566, "1.14488444"], [1564087244.566, "1.14488444"], [1564087245.566, "1.14488444"], [1564087246.566, "1.14488444"], [1564087247.566, "1.14488444"], [1564087248.566, "0.42587664940000003"], [1564087249.566, "0.42587664940000003"], [1564087250.566, "0.42587664940000003"], [1564087251.566, "0.42587664940000003"], [1564087252.566, "0.42587664940000003"], [1564087253.566, "0.6467057368"], [1564087254.566, "0.6467057368"], [1564087255.566, "0.6467057368"], [1564087256.566, "0.6467057368"], [1564087257.566, "0.6467057368"], [1564087258.566, "0.7131516004000001"], [1564087259.566, "0.7131516004000001"], [1564087260.566, "0.7131516004000001"], [1564087261.566, "0.7131516004000001"], [1564087262.566, "0.7131516004000001"], [1564087263.566, "0.25468370740000007"], [1564087264.566, "0.25468370740000007"], [1564087265.566, "0.25468370740000007"], [1564087266.566, "0.25468370740000007"], [1564087267.566, "0.25468370740000007"], [1564087268.566, "0.3657869874"], [1564087269.566, "0.3657869874"], [1564087270.566, "0.3657869874"], [1564087271.566, "0.3657869874"], [1564087272.566, "0.3657869874"], [1564087273.566, "0.6095873794000001"], [1564087274.566, "0.6095873794000001"], [1564087275.566, "0.6095873794000001"], [1564087276.566, "0.6095873794000001"]], "mem_values": []}]}