{"pod": 2, "cpu": "50m", "values": [{"qps": 1, "avg_cpu": 0.03692922438207407, "req_lost": 0.05110694244878644, "avg_mem": "N/A", "cpu_values": [[1564042812.978, "0"], [1564042813.978, "0"], [1564042814.978, "0"], [1564042815.978, "0"], [1564042816.978, "0"], [1564042817.978, "0"], [1564042818.978, "0"], [1564042819.978, "0"], [1564042820.978, "0"], [1564042821.978, "0"], [1564042822.978, "0.1513858809264"], [1564042823.978, "0.17908013172640003"], [1564042824.978, "0.2067743825264"], [1564042825.978, "0.2344686333264"], [1564042826.978, "0.2621628841264"], [1564042827.978, "0"], [1564042828.978, "0"], [1564042829.978, "0"], [1564042830.978, "0"], [1564042831.978, "0"], [1564042832.978, "0"], [1564042833.978, "0"], [1564042834.978, "0"], [1564042835.978, "0"], [1564042836.978, "0"], [1564042837.978, "0.17033106219999994"], [1564042838.978, "0.1703310622"], [1564042839.978, "0.1703310622"], [1564042840.978, "0.1703310622"], [1564042841.978, "0.1703310622"], [1564042842.978, "0"], [1564042843.978, "0"], [1564042844.978, "0"], [1564042845.978, "0"], [1564042846.978, "0"], [1564042847.978, "0"], [1564042848.978, "0"], [1564042849.978, "0"], [1564042850.978, "0"], [1564042851.978, "0"], [1564042852.978, "0"], [1564042853.978, "0"], [1564042854.978, "0"], [1564042855.978, "0"], [1564042856.978, "0"], [1564042857.978, "0.02173017860000001"], [1564042858.978, "0.021730178600000018"], [1564042859.978, "0.021730178600000018"], [1564042860.978, "0.021730178600000018"], [1564042861.978, "0.021730178600000018"], [1564042862.978, "0"], [1564042863.978, "0"], [1564042864.978, "0"], [1564042865.978, "0"]], "mem_values": []}]}