{"pod": 2, "cpu": "50m", "values": [{"qps": 1, "avg_cpu": 0.03449181902197001, "req_lost": 0.01544496416233665, "avg_mem": "N/A", "cpu_values": [[1564042803.132, "0"], [1564042804.132, "0"], [1564042805.132, "0"], [1564042806.132, "0"], [1564042807.132, "0"], [1564042808.132, "0"], [1564042809.132, "0"], [1564042810.132, "0"], [1564042811.132, "0"], [1564042812.132, "0"], [1564042813.132, "0"], [1564042814.132, "0"], [1564042815.132, "0"], [1564042816.132, "0"], [1564042817.132, "0"], [1564042818.132, "0.1972254117445515"], [1564042819.132, "0.23302964650272928"], [1564042820.132, "0.2688338812609071"], [1564042821.132, "0.30463811601908486"], [1564042822.132, "0.3404423507772627"], [1564042823.132, "0"], [1564042824.132, "0"], [1564042825.132, "0"], [1564042826.132, "0"], [1564042827.132, "0"], [1564042828.132, "0"], [1564042829.132, "0"], [1564042830.132, "0"], [1564042831.132, "0"], [1564042832.132, "0"], [1564042833.132, "0.054244225799999976"], [1564042834.132, "0.05424422579999999"], [1564042835.132, "0.05424422579999999"], [1564042836.132, "0.05424422579999999"], [1564042837.132, "0.05424422579999999"], [1564042838.132, "0.05027236239999996"], [1564042839.132, "0.05027236239999997"], [1564042840.132, "0.05027236239999997"], [1564042841.132, "0.05027236239999997"], [1564042842.132, "0.05027236239999997"], [1564042843.132, "0"], [1564042844.132, "0"], [1564042845.132, "0"], [1564042846.132, "0"], [1564042847.132, "0"], [1564042848.132, "0.010800925785157046"], [1564042849.132, "0.010800925785157046"], [1564042850.132, "0.010800925785157046"], [1564042851.132, "0.010800925785157046"], [1564042852.132, "0.010800925785157046"], [1564042853.132, "0.0021569778000000367"], [1564042854.132, "0.002156977800000037"], [1564042855.132, "0.002156977800000037"], [1564042856.132, "0.002156977800000037"], [1564042857.132, "0.002156977800000037"], [1564042858.132, "0"]], "mem_values": []}]}